debug: Mon, 02 Feb 2026 15:47:07 GMT
debug: Project: D:\bbin\cocos\BIG_wings
debug: Targets: editor,preview
debug: Incremental file seems great.
debug: Engine path: C:\ProgramData\cocos\editors\Creator\3.8.1\resources\resources\3d\engine
debug: Initializing target [Editor]
debug: Loading cache
debug: Loading cache costs 38.906399965286255ms.
debug: Engine features shipped in editor: base,gfx-webgl,gfx-webgl2,gfx-empty,3d,animation,skeletal-animation,2d,ui,particle,particle-2d,physics-framework,physics-2d-framework,physics-2d-box2d-wasm,intersection-2d,primitive,profiler,occlusion-query,geometry-renderer,debug-renderer,audio,video,xr,light-probe,terrain,webview,tween,tiled-map,spine,dragon-bones,marionette,procedural-animation,custom-pipeline,websocket,websocket-server
debug: Our import map(file:///D:/bbin/cocos/BIG_wings/import-map.json): {
  "imports": {
    "cc": "cce:/internal/x/cc",
    "@casino-mono/mvc": "./assets/game/BigWings/script/framework/mvc/index.ts",
    "@casino-mono/share-tools": "./assets/game/BigWings/script/framework/share-tools/index.ts"
  }
}
debug: Initializing target [Preview]
debug: Loading cache
debug: Loading cache costs 19.39850002527237ms.
debug: Our import map(file:///D:/bbin/cocos/BIG_wings/import-map.json): {
  "imports": {
    "cc": "cce:/internal/x/cc",
    "@casino-mono/mvc": "./assets/game/BigWings/script/framework/mvc/index.ts",
    "@casino-mono/share-tools": "./assets/game/BigWings/script/framework/share-tools/index.ts"
  }
}
debug: Sync engine features: 2d,animation,audio,base,gfx-webgl,gfx-webgl2,intersection-2d,particle-2d,physics-2d-box2d,profiler,spine,tiled-map,tween,ui,video,webview
debug: Reset databases. Enumerated domains: [
  {
    "root": "db://internal/",
    "physical": "C:\\ProgramData\\cocos\\editors\\Creator\\3.8.1\\resources\\resources\\3d\\engine\\editor\\assets"
  },
  {
    "root": "db://assets/",
    "physical": "D:\\bbin\\cocos\\BIG_wings\\assets"
  }
]
debug: Our import map(file:///D:/bbin/cocos/BIG_wings/import-map.json): {
  "imports": {
    "cc": "cce:/internal/x/cc",
    "db://internal/": "file:///C:/ProgramData/cocos/editors/Creator/3.8.1/resources/resources/3d/engine/editor/assets/",
    "db://assets/": "file:///D:/bbin/cocos/BIG_wings/assets/",
    "@casino-mono/mvc": "./assets/game/BigWings/script/framework/mvc/index.ts",
    "@casino-mono/share-tools": "./assets/game/BigWings/script/framework/share-tools/index.ts"
  }
}
debug: Our import map(file:///D:/bbin/cocos/BIG_wings/import-map.json): {
  "imports": {
    "cc": "cce:/internal/x/cc",
    "db://internal/": "file:///C:/ProgramData/cocos/editors/Creator/3.8.1/resources/resources/3d/engine/editor/assets/",
    "db://assets/": "file:///D:/bbin/cocos/BIG_wings/assets/",
    "@casino-mono/mvc": "./assets/game/BigWings/script/framework/mvc/index.ts",
    "@casino-mono/share-tools": "./assets/game/BigWings/script/framework/share-tools/index.ts"
  }
}
debug: Pulling asset-db.
debug: Fetch asset-db cost: 20.39980000257492ms.
debug: Build iteration starts.
Number of accumulated asset changes: 128
Feature changed: false
debug: Target(editor) build started.
debug: Detected change: cce:/internal/x/cc. Last mtime: Thu Jan 01 1970 08:00:19 GMT+0800 (台北標準時間), Current mtime: Thu Jan 01 1970 08:00:10 GMT+0800 (台北標準時間)
debug: Inspect cce:/internal/x/cc
debug: Resolve cce:/internal/x/cc-fu/base from cce:/internal/x/cc as external dependency cce:/internal/x/cc-fu/base.
debug: Resolve cce:/internal/x/cc-fu/gfx-webgl from cce:/internal/x/cc as external dependency cce:/internal/x/cc-fu/gfx-webgl.
debug: Resolve cce:/internal/x/cc-fu/gfx-webgl2 from cce:/internal/x/cc as external dependency cce:/internal/x/cc-fu/gfx-webgl2.
debug: Resolve cce:/internal/x/cc-fu/gfx-empty from cce:/internal/x/cc as external dependency cce:/internal/x/cc-fu/gfx-empty.
debug: Resolve cce:/internal/x/cc-fu/3d from cce:/internal/x/cc as external dependency cce:/internal/x/cc-fu/3d.
debug: Resolve cce:/internal/x/cc-fu/animation from cce:/internal/x/cc as external dependency cce:/internal/x/cc-fu/animation.
debug: Resolve cce:/internal/x/cc-fu/skeletal-animation from cce:/internal/x/cc as external dependency cce:/internal/x/cc-fu/skeletal-animation.
debug: Resolve cce:/internal/x/cc-fu/2d from cce:/internal/x/cc as external dependency cce:/internal/x/cc-fu/2d.
debug: Resolve cce:/internal/x/cc-fu/sorting from cce:/internal/x/cc as external dependency cce:/internal/x/cc-fu/sorting.
debug: Resolve cce:/internal/x/cc-fu/ui from cce:/internal/x/cc as external dependency cce:/internal/x/cc-fu/ui.
debug: Resolve cce:/internal/x/cc-fu/particle from cce:/internal/x/cc as external dependency cce:/internal/x/cc-fu/particle.
debug: Resolve cce:/internal/x/cc-fu/particle-2d from cce:/internal/x/cc as external dependency cce:/internal/x/cc-fu/particle-2d.
debug: Resolve cce:/internal/x/cc-fu/physics-framework from cce:/internal/x/cc as external dependency cce:/internal/x/cc-fu/physics-framework.
debug: Resolve cce:/internal/x/cc-fu/physics-2d-framework from cce:/internal/x/cc as external dependency cce:/internal/x/cc-fu/physics-2d-framework.
debug: Resolve cce:/internal/x/cc-fu/physics-2d-box2d-wasm from cce:/internal/x/cc as external dependency cce:/internal/x/cc-fu/physics-2d-box2d-wasm.
debug: Resolve cce:/internal/x/cc-fu/intersection-2d from cce:/internal/x/cc as external dependency cce:/internal/x/cc-fu/intersection-2d.
debug: Resolve cce:/internal/x/cc-fu/primitive from cce:/internal/x/cc as external dependency cce:/internal/x/cc-fu/primitive.
debug: Resolve cce:/internal/x/cc-fu/profiler from cce:/internal/x/cc as external dependency cce:/internal/x/cc-fu/profiler.
debug: Resolve cce:/internal/x/cc-fu/geometry-renderer from cce:/internal/x/cc as external dependency cce:/internal/x/cc-fu/geometry-renderer.
debug: Resolve cce:/internal/x/cc-fu/audio from cce:/internal/x/cc as external dependency cce:/internal/x/cc-fu/audio.
debug: Resolve cce:/internal/x/cc-fu/video from cce:/internal/x/cc as external dependency cce:/internal/x/cc-fu/video.
debug: Resolve cce:/internal/x/cc-fu/xr from cce:/internal/x/cc as external dependency cce:/internal/x/cc-fu/xr.
debug: Resolve cce:/internal/x/cc-fu/light-probe from cce:/internal/x/cc as external dependency cce:/internal/x/cc-fu/light-probe.
debug: Resolve cce:/internal/x/cc-fu/terrain from cce:/internal/x/cc as external dependency cce:/internal/x/cc-fu/terrain.
debug: Resolve cce:/internal/x/cc-fu/webview from cce:/internal/x/cc as external dependency cce:/internal/x/cc-fu/webview.
debug: Resolve cce:/internal/x/cc-fu/tween from cce:/internal/x/cc as external dependency cce:/internal/x/cc-fu/tween.
debug: Resolve cce:/internal/x/cc-fu/tiled-map from cce:/internal/x/cc as external dependency cce:/internal/x/cc-fu/tiled-map.
debug: Resolve cce:/internal/x/cc-fu/spine from cce:/internal/x/cc as external dependency cce:/internal/x/cc-fu/spine.
debug: Resolve cce:/internal/x/cc-fu/dragon-bones from cce:/internal/x/cc as external dependency cce:/internal/x/cc-fu/dragon-bones.
debug: Resolve cce:/internal/x/cc-fu/custom-pipeline from cce:/internal/x/cc as external dependency cce:/internal/x/cc-fu/custom-pipeline.
debug: Detected change: cce:/internal/x/prerequisite-imports. Last mtime: Thu Jan 01 1970 08:00:27 GMT+0800 (台北標準時間), Current mtime: Thu Jan 01 1970 08:00:10 GMT+0800 (台北標準時間)
debug: Inspect cce:/internal/x/prerequisite-imports
debug: Resolve file:///C:/ProgramData/cocos/editors/Creator/3.8.1/resources/resources/3d/engine/editor/assets/tools/debug-view-runtime-control.ts from cce:/internal/x/prerequisite-imports as file:///C:/ProgramData/cocos/editors/Creator/3.8.1/resources/resources/3d/engine/editor/assets/tools/debug-view-runtime-control.ts.
debug: Resolve cc from file:///C:/ProgramData/cocos/editors/Creator/3.8.1/resources/resources/3d/engine/editor/assets/tools/debug-view-runtime-control.ts as cce:/internal/x/cc.
debug: Resolve cc from file:///C:/ProgramData/cocos/editors/Creator/3.8.1/resources/resources/3d/engine/editor/assets/tools/debug-view-runtime-control.ts as cce:/internal/x/cc.
debug: Resolve cc from file:///C:/ProgramData/cocos/editors/Creator/3.8.1/resources/resources/3d/engine/editor/assets/tools/debug-view-runtime-control.ts as cce:/internal/x/cc.
debug: Resolve file:///D:/bbin/cocos/BIG_wings/assets/common/script/anim/particle2DAutoSwitch.ts from cce:/internal/x/prerequisite-imports as file:///D:/bbin/cocos/BIG_wings/assets/common/script/anim/particle2DAutoSwitch.ts.
debug: Resolve cc from file:///D:/bbin/cocos/BIG_wings/assets/common/script/anim/particle2DAutoSwitch.ts as cce:/internal/x/cc.
debug: Resolve cc from file:///D:/bbin/cocos/BIG_wings/assets/common/script/anim/particle2DAutoSwitch.ts as cce:/internal/x/cc.
debug: Resolve cc from file:///D:/bbin/cocos/BIG_wings/assets/common/script/anim/particle2DAutoSwitch.ts as cce:/internal/x/cc.
debug: Resolve file:///D:/bbin/cocos/BIG_wings/assets/common/script/anim/playAnimOnEnable.ts from cce:/internal/x/prerequisite-imports as file:///D:/bbin/cocos/BIG_wings/assets/common/script/anim/playAnimOnEnable.ts.
debug: Resolve cc from file:///D:/bbin/cocos/BIG_wings/assets/common/script/anim/playAnimOnEnable.ts as cce:/internal/x/cc.
debug: Resolve cc from file:///D:/bbin/cocos/BIG_wings/assets/common/script/anim/playAnimOnEnable.ts as cce:/internal/x/cc.
debug: Resolve cc from file:///D:/bbin/cocos/BIG_wings/assets/common/script/anim/playAnimOnEnable.ts as cce:/internal/x/cc.
debug: Resolve file:///D:/bbin/cocos/BIG_wings/assets/common/script/anim/spinePlayOnEnable.ts from cce:/internal/x/prerequisite-imports as file:///D:/bbin/cocos/BIG_wings/assets/common/script/anim/spinePlayOnEnable.ts.
debug: Resolve cc from file:///D:/bbin/cocos/BIG_wings/assets/common/script/anim/spinePlayOnEnable.ts as cce:/internal/x/cc.
debug: Resolve cc from file:///D:/bbin/cocos/BIG_wings/assets/common/script/anim/spinePlayOnEnable.ts as cce:/internal/x/cc.
debug: Resolve cc from file:///D:/bbin/cocos/BIG_wings/assets/common/script/anim/spinePlayOnEnable.ts as cce:/internal/x/cc.
debug: Resolve file:///D:/bbin/cocos/BIG_wings/assets/common/script/ui/CustomizedButton.ts from cce:/internal/x/prerequisite-imports as file:///D:/bbin/cocos/BIG_wings/assets/common/script/ui/CustomizedButton.ts.
debug: Resolve cc from file:///D:/bbin/cocos/BIG_wings/assets/common/script/ui/CustomizedButton.ts as cce:/internal/x/cc.
debug: Resolve cc from file:///D:/bbin/cocos/BIG_wings/assets/common/script/ui/CustomizedButton.ts as cce:/internal/x/cc.
debug: Resolve cc from file:///D:/bbin/cocos/BIG_wings/assets/common/script/ui/CustomizedButton.ts as cce:/internal/x/cc.
debug: Resolve file:///D:/bbin/cocos/BIG_wings/assets/common/script/ui/customButton.ts from cce:/internal/x/prerequisite-imports as file:///D:/bbin/cocos/BIG_wings/assets/common/script/ui/customButton.ts.
debug: Resolve cc from file:///D:/bbin/cocos/BIG_wings/assets/common/script/ui/customButton.ts as cce:/internal/x/cc.
debug: Resolve cc from file:///D:/bbin/cocos/BIG_wings/assets/common/script/ui/customButton.ts as cce:/internal/x/cc.
debug: Resolve cc from file:///D:/bbin/cocos/BIG_wings/assets/common/script/ui/customButton.ts as cce:/internal/x/cc.
debug: Resolve file:///D:/bbin/cocos/BIG_wings/assets/common/script/ui/customToggle.ts from cce:/internal/x/prerequisite-imports as file:///D:/bbin/cocos/BIG_wings/assets/common/script/ui/customToggle.ts.
debug: Resolve cc from file:///D:/bbin/cocos/BIG_wings/assets/common/script/ui/customToggle.ts as cce:/internal/x/cc.
debug: Resolve cc from file:///D:/bbin/cocos/BIG_wings/assets/common/script/ui/customToggle.ts as cce:/internal/x/cc.
debug: Resolve cc from file:///D:/bbin/cocos/BIG_wings/assets/common/script/ui/customToggle.ts as cce:/internal/x/cc.
debug: Resolve file:///D:/bbin/cocos/BIG_wings/assets/game/BigWings/script/Applicaiton.ts from cce:/internal/x/prerequisite-imports as file:///D:/bbin/cocos/BIG_wings/assets/game/BigWings/script/Applicaiton.ts.
debug: Resolve cce:/internal/code-quality/cr.mjs from file:///D:/bbin/cocos/BIG_wings/assets/game/BigWings/script/Applicaiton.ts as cce:/internal/code-quality/cr.mjs.
debug: Detected change: cce:/internal/code-quality/cr.mjs. Last mtime: Sun Mar 16 2025 13:24:36 GMT+0800 (台北標準時間), Current mtime: Mon Feb 02 2026 23:46:57 GMT+0800 (台北標準時間)
debug: Inspect cce:/internal/code-quality/cr.mjs
debug: Resolve cc from file:///D:/bbin/cocos/BIG_wings/assets/game/BigWings/script/Applicaiton.ts as cce:/internal/x/cc.
debug: Resolve cc from file:///D:/bbin/cocos/BIG_wings/assets/game/BigWings/script/Applicaiton.ts as cce:/internal/x/cc.
debug: Resolve cc from file:///D:/bbin/cocos/BIG_wings/assets/game/BigWings/script/Applicaiton.ts as cce:/internal/x/cc.
debug: Resolve ./lib/BasePresenter from file:///D:/bbin/cocos/BIG_wings/assets/game/BigWings/script/Applicaiton.ts as file:///D:/bbin/cocos/BIG_wings/assets/game/BigWings/script/lib/BasePresenter.ts.
debug: Resolve cce:/internal/code-quality/cr.mjs from file:///D:/bbin/cocos/BIG_wings/assets/game/BigWings/script/lib/BasePresenter.ts as cce:/internal/code-quality/cr.mjs.
debug: Resolve cc from file:///D:/bbin/cocos/BIG_wings/assets/game/BigWings/script/lib/BasePresenter.ts as cce:/internal/x/cc.
debug: Resolve @casino-mono/share-tools from file:///D:/bbin/cocos/BIG_wings/assets/game/BigWings/script/lib/BasePresenter.ts as file:///D:/bbin/cocos/BIG_wings/assets/game/BigWings/script/framework/share-tools/index.ts.
debug: Resolve cc from file:///D:/bbin/cocos/BIG_wings/assets/game/BigWings/script/framework/share-tools/index.ts as cce:/internal/x/cc.
debug: Resolve ./src/environment/lang/Dict from file:///D:/bbin/cocos/BIG_wings/assets/game/BigWings/script/framework/share-tools/index.ts as file:///D:/bbin/cocos/BIG_wings/assets/game/BigWings/script/framework/share-tools/src/environment/lang/Dict.ts.
debug: Resolve cce:/internal/code-quality/cr.mjs from file:///D:/bbin/cocos/BIG_wings/assets/game/BigWings/script/framework/share-tools/src/environment/lang/Dict.ts as cce:/internal/code-quality/cr.mjs.
debug: Resolve cc from file:///D:/bbin/cocos/BIG_wings/assets/game/BigWings/script/framework/share-tools/src/environment/lang/Dict.ts as cce:/internal/x/cc.
debug: Resolve ../url/URLParameter from file:///D:/bbin/cocos/BIG_wings/assets/game/BigWings/script/framework/share-tools/src/environment/lang/Dict.ts as file:///D:/bbin/cocos/BIG_wings/assets/game/BigWings/script/framework/share-tools/src/environment/url/URLParameter.ts.
debug: Resolve cce:/internal/code-quality/cr.mjs from file:///D:/bbin/cocos/BIG_wings/assets/game/BigWings/script/framework/share-tools/src/environment/url/URLParameter.ts as cce:/internal/code-quality/cr.mjs.
debug: Resolve cc from file:///D:/bbin/cocos/BIG_wings/assets/game/BigWings/script/framework/share-tools/src/environment/url/URLParameter.ts as cce:/internal/x/cc.
debug: Resolve ./CDN from file:///D:/bbin/cocos/BIG_wings/assets/game/BigWings/script/framework/share-tools/src/environment/url/URLParameter.ts as file:///D:/bbin/cocos/BIG_wings/assets/game/BigWings/script/framework/share-tools/src/environment/url/CDN.ts.
debug: Resolve cce:/internal/code-quality/cr.mjs from file:///D:/bbin/cocos/BIG_wings/assets/game/BigWings/script/framework/share-tools/src/environment/url/CDN.ts as cce:/internal/code-quality/cr.mjs.
debug: Resolve cc from file:///D:/bbin/cocos/BIG_wings/assets/game/BigWings/script/framework/share-tools/src/environment/url/CDN.ts as cce:/internal/x/cc.
debug: Resolve ./URLJoin from file:///D:/bbin/cocos/BIG_wings/assets/game/BigWings/script/framework/share-tools/src/environment/url/CDN.ts as file:///D:/bbin/cocos/BIG_wings/assets/game/BigWings/script/framework/share-tools/src/environment/url/URLJoin.ts.
debug: Resolve cc from file:///D:/bbin/cocos/BIG_wings/assets/game/BigWings/script/framework/share-tools/src/environment/url/URLJoin.ts as cce:/internal/x/cc.
debug: Resolve ./URLJoin from file:///D:/bbin/cocos/BIG_wings/assets/game/BigWings/script/framework/share-tools/src/environment/url/URLParameter.ts as file:///D:/bbin/cocos/BIG_wings/assets/game/BigWings/script/framework/share-tools/src/environment/url/URLJoin.ts.
debug: Resolve ./src/environment/url/URLParameter from file:///D:/bbin/cocos/BIG_wings/assets/game/BigWings/script/framework/share-tools/index.ts as file:///D:/bbin/cocos/BIG_wings/assets/game/BigWings/script/framework/share-tools/src/environment/url/URLParameter.ts.
debug: Resolve ./src/environment/lang/GameSupportLang from file:///D:/bbin/cocos/BIG_wings/assets/game/BigWings/script/framework/share-tools/index.ts as file:///D:/bbin/cocos/BIG_wings/assets/game/BigWings/script/framework/share-tools/src/environment/lang/GameSupportLang.ts.
debug: Resolve cce:/internal/code-quality/cr.mjs from file:///D:/bbin/cocos/BIG_wings/assets/game/BigWings/script/framework/share-tools/src/environment/lang/GameSupportLang.ts as cce:/internal/code-quality/cr.mjs.
debug: Resolve cc from file:///D:/bbin/cocos/BIG_wings/assets/game/BigWings/script/framework/share-tools/src/environment/lang/GameSupportLang.ts as cce:/internal/x/cc.
debug: Resolve ../url/URLParameter from file:///D:/bbin/cocos/BIG_wings/assets/game/BigWings/script/framework/share-tools/src/environment/lang/GameSupportLang.ts as file:///D:/bbin/cocos/BIG_wings/assets/game/BigWings/script/framework/share-tools/src/environment/url/URLParameter.ts.
debug: Resolve ./src/environment/device/Orientation from file:///D:/bbin/cocos/BIG_wings/assets/game/BigWings/script/framework/share-tools/index.ts as file:///D:/bbin/cocos/BIG_wings/assets/game/BigWings/script/framework/share-tools/src/environment/device/Orientation.ts.
debug: Resolve cce:/internal/code-quality/cr.mjs from file:///D:/bbin/cocos/BIG_wings/assets/game/BigWings/script/framework/share-tools/src/environment/device/Orientation.ts as cce:/internal/code-quality/cr.mjs.
debug: Resolve cc from file:///D:/bbin/cocos/BIG_wings/assets/game/BigWings/script/framework/share-tools/src/environment/device/Orientation.ts as cce:/internal/x/cc.
debug: Resolve ../Cookie from file:///D:/bbin/cocos/BIG_wings/assets/game/BigWings/script/framework/share-tools/src/environment/device/Orientation.ts as file:///D:/bbin/cocos/BIG_wings/assets/game/BigWings/script/framework/share-tools/src/environment/Cookie.ts.
debug: Resolve cc from file:///D:/bbin/cocos/BIG_wings/assets/game/BigWings/script/framework/share-tools/src/environment/Cookie.ts as cce:/internal/x/cc.
debug: Resolve ../url/URLParameter from file:///D:/bbin/cocos/BIG_wings/assets/game/BigWings/script/framework/share-tools/src/environment/device/Orientation.ts as file:///D:/bbin/cocos/BIG_wings/assets/game/BigWings/script/framework/share-tools/src/environment/url/URLParameter.ts.
debug: Resolve ./Device from file:///D:/bbin/cocos/BIG_wings/assets/game/BigWings/script/framework/share-tools/src/environment/device/Orientation.ts as file:///D:/bbin/cocos/BIG_wings/assets/game/BigWings/script/framework/share-tools/src/environment/device/Device.ts.
debug: Resolve cce:/internal/code-quality/cr.mjs from file:///D:/bbin/cocos/BIG_wings/assets/game/BigWings/script/framework/share-tools/src/environment/device/Device.ts as cce:/internal/code-quality/cr.mjs.
debug: Resolve cc from file:///D:/bbin/cocos/BIG_wings/assets/game/BigWings/script/framework/share-tools/src/environment/device/Device.ts as cce:/internal/x/cc.
debug: Create cjs interop url for 'file:///D:/bbin/cocos/BIG_wings/node_modules/ua-parser-js/src/ua-parser.js'
debug: Resolve ua-parser-js from file:///D:/bbin/cocos/BIG_wings/assets/game/BigWings/script/framework/share-tools/src/environment/device/Device.ts as file:///D:/bbin/cocos/BIG_wings/node_modules/ua-parser-js/src/ua-parser.mjs?cjs=&original=.js.
debug: Resolve ./ua-parser.js from file:///D:/bbin/cocos/BIG_wings/node_modules/ua-parser-js/src/ua-parser.mjs?cjs=&original=.js as file:///D:/bbin/cocos/BIG_wings/node_modules/ua-parser-js/src/ua-parser.js.
debug: Resolve cce:/internal/ml/cjs-loader.mjs from file:///D:/bbin/cocos/BIG_wings/node_modules/ua-parser-js/src/ua-parser.js as cce:/internal/ml/cjs-loader.mjs.
debug: Detected change: cce:/internal/ml/cjs-loader.mjs. Last mtime: Sun Mar 16 2025 13:24:36 GMT+0800 (台北標準時間), Current mtime: Mon Feb 02 2026 23:46:57 GMT+0800 (台北標準時間)
debug: Inspect cce:/internal/ml/cjs-loader.mjs
debug: Resolve cce:/internal/ml/cjs-loader.mjs from file:///D:/bbin/cocos/BIG_wings/node_modules/ua-parser-js/src/ua-parser.mjs?cjs=&original=.js as cce:/internal/ml/cjs-loader.mjs.
debug: Resolve ./ua-parser.js from file:///D:/bbin/cocos/BIG_wings/node_modules/ua-parser-js/src/ua-parser.mjs?cjs=&original=.js as file:///D:/bbin/cocos/BIG_wings/node_modules/ua-parser-js/src/ua-parser.js.
debug: Resolve ./ua-parser.js from file:///D:/bbin/cocos/BIG_wings/node_modules/ua-parser-js/src/ua-parser.mjs?cjs=&original=.js as file:///D:/bbin/cocos/BIG_wings/node_modules/ua-parser-js/src/ua-parser.js.
debug: Resolve ../url/URLParameter from file:///D:/bbin/cocos/BIG_wings/assets/game/BigWings/script/framework/share-tools/src/environment/device/Device.ts as file:///D:/bbin/cocos/BIG_wings/assets/game/BigWings/script/framework/share-tools/src/environment/url/URLParameter.ts.
debug: Resolve ./UBBrowserChecker from file:///D:/bbin/cocos/BIG_wings/assets/game/BigWings/script/framework/share-tools/src/environment/device/Device.ts as file:///D:/bbin/cocos/BIG_wings/assets/game/BigWings/script/framework/share-tools/src/environment/device/UBBrowserChecker.ts.
debug: Resolve cc from file:///D:/bbin/cocos/BIG_wings/assets/game/BigWings/script/framework/share-tools/src/environment/device/UBBrowserChecker.ts as cce:/internal/x/cc.
debug: Resolve ./src/environment/device/Device from file:///D:/bbin/cocos/BIG_wings/assets/game/BigWings/script/framework/share-tools/index.ts as file:///D:/bbin/cocos/BIG_wings/assets/game/BigWings/script/framework/share-tools/src/environment/device/Device.ts.
debug: Resolve ./src/environment/device/AIOBridge from file:///D:/bbin/cocos/BIG_wings/assets/game/BigWings/script/framework/share-tools/index.ts as file:///D:/bbin/cocos/BIG_wings/assets/game/BigWings/script/framework/share-tools/src/environment/device/AIOBridge.ts.
debug: Resolve cce:/internal/code-quality/cr.mjs from file:///D:/bbin/cocos/BIG_wings/assets/game/BigWings/script/framework/share-tools/src/environment/device/AIOBridge.ts as cce:/internal/code-quality/cr.mjs.
debug: Resolve cc from file:///D:/bbin/cocos/BIG_wings/assets/game/BigWings/script/framework/share-tools/src/environment/device/AIOBridge.ts as cce:/internal/x/cc.
debug: Resolve ./Device from file:///D:/bbin/cocos/BIG_wings/assets/game/BigWings/script/framework/share-tools/src/environment/device/AIOBridge.ts as file:///D:/bbin/cocos/BIG_wings/assets/game/BigWings/script/framework/share-tools/src/environment/device/Device.ts.
debug: Resolve ./src/environment/device/Orientation from file:///D:/bbin/cocos/BIG_wings/assets/game/BigWings/script/framework/share-tools/index.ts as file:///D:/bbin/cocos/BIG_wings/assets/game/BigWings/script/framework/share-tools/src/environment/device/Orientation.ts.
debug: Resolve ./src/environment/device/FullScreen from file:///D:/bbin/cocos/BIG_wings/assets/game/BigWings/script/framework/share-tools/index.ts as file:///D:/bbin/cocos/BIG_wings/assets/game/BigWings/script/framework/share-tools/src/environment/device/FullScreen.ts.
debug: Resolve cce:/internal/code-quality/cr.mjs from file:///D:/bbin/cocos/BIG_wings/assets/game/BigWings/script/framework/share-tools/src/environment/device/FullScreen.ts as cce:/internal/code-quality/cr.mjs.
debug: Resolve cc from file:///D:/bbin/cocos/BIG_wings/assets/game/BigWings/script/framework/share-tools/src/environment/device/FullScreen.ts as cce:/internal/x/cc.
debug: Create cjs interop url for 'file:///D:/bbin/cocos/BIG_wings/node_modules/vh-check/dist/vh-check.js'
debug: Resolve vh-check from file:///D:/bbin/cocos/BIG_wings/assets/game/BigWings/script/framework/share-tools/src/environment/device/FullScreen.ts as file:///D:/bbin/cocos/BIG_wings/node_modules/vh-check/dist/vh-check.mjs?cjs=&original=.js.
debug: Resolve ./vh-check.js from file:///D:/bbin/cocos/BIG_wings/node_modules/vh-check/dist/vh-check.mjs?cjs=&original=.js as file:///D:/bbin/cocos/BIG_wings/node_modules/vh-check/dist/vh-check.js.
debug: Resolve cce:/internal/ml/cjs-loader.mjs from file:///D:/bbin/cocos/BIG_wings/node_modules/vh-check/dist/vh-check.js as cce:/internal/ml/cjs-loader.mjs.
debug: Resolve cce:/internal/ml/cjs-loader.mjs from file:///D:/bbin/cocos/BIG_wings/node_modules/vh-check/dist/vh-check.mjs?cjs=&original=.js as cce:/internal/ml/cjs-loader.mjs.
debug: Resolve ./vh-check.js from file:///D:/bbin/cocos/BIG_wings/node_modules/vh-check/dist/vh-check.mjs?cjs=&original=.js as file:///D:/bbin/cocos/BIG_wings/node_modules/vh-check/dist/vh-check.js.
debug: Resolve ./vh-check.js from file:///D:/bbin/cocos/BIG_wings/node_modules/vh-check/dist/vh-check.mjs?cjs=&original=.js as file:///D:/bbin/cocos/BIG_wings/node_modules/vh-check/dist/vh-check.js.
debug: Resolve ../url/URLJoin from file:///D:/bbin/cocos/BIG_wings/assets/game/BigWings/script/framework/share-tools/src/environment/device/FullScreen.ts as file:///D:/bbin/cocos/BIG_wings/assets/game/BigWings/script/framework/share-tools/src/environment/url/URLJoin.ts.
debug: Resolve ./Orientation from file:///D:/bbin/cocos/BIG_wings/assets/game/BigWings/script/framework/share-tools/src/environment/device/FullScreen.ts as file:///D:/bbin/cocos/BIG_wings/assets/game/BigWings/script/framework/share-tools/src/environment/device/Orientation.ts.
debug: Resolve ../url/URLParameter from file:///D:/bbin/cocos/BIG_wings/assets/game/BigWings/script/framework/share-tools/src/environment/device/FullScreen.ts as file:///D:/bbin/cocos/BIG_wings/assets/game/BigWings/script/framework/share-tools/src/environment/url/URLParameter.ts.
debug: Resolve ./Device from file:///D:/bbin/cocos/BIG_wings/assets/game/BigWings/script/framework/share-tools/src/environment/device/FullScreen.ts as file:///D:/bbin/cocos/BIG_wings/assets/game/BigWings/script/framework/share-tools/src/environment/device/Device.ts.
debug: Resolve ./src/environment/url/PHPProiveHeaders from file:///D:/bbin/cocos/BIG_wings/assets/game/BigWings/script/framework/share-tools/index.ts as file:///D:/bbin/cocos/BIG_wings/assets/game/BigWings/script/framework/share-tools/src/environment/url/PHPProiveHeaders.ts.
debug: Resolve cc from file:///D:/bbin/cocos/BIG_wings/assets/game/BigWings/script/framework/share-tools/src/environment/url/PHPProiveHeaders.ts as cce:/internal/x/cc.
debug: Resolve ./RecvMessage from file:///D:/bbin/cocos/BIG_wings/assets/game/BigWings/script/lib/BasePresenter.ts as file:///D:/bbin/cocos/BIG_wings/assets/game/BigWings/script/lib/RecvMessage.ts.
debug: Resolve cce:/internal/code-quality/cr.mjs from file:///D:/bbin/cocos/BIG_wings/assets/game/BigWings/script/lib/RecvMessage.ts as cce:/internal/code-quality/cr.mjs.
debug: Resolve cc from file:///D:/bbin/cocos/BIG_wings/assets/game/BigWings/script/lib/RecvMessage.ts as cce:/internal/x/cc.
debug: Resolve ./SendMessage from file:///D:/bbin/cocos/BIG_wings/assets/game/BigWings/script/lib/BasePresenter.ts as file:///D:/bbin/cocos/BIG_wings/assets/game/BigWings/script/lib/SendMessage.ts.
debug: Resolve cce:/internal/code-quality/cr.mjs from file:///D:/bbin/cocos/BIG_wings/assets/game/BigWings/script/lib/SendMessage.ts as cce:/internal/code-quality/cr.mjs.
debug: Resolve cc from file:///D:/bbin/cocos/BIG_wings/assets/game/BigWings/script/lib/SendMessage.ts as cce:/internal/x/cc.
debug: Resolve @casino-mono/mvc from file:///D:/bbin/cocos/BIG_wings/assets/game/BigWings/script/lib/BasePresenter.ts as file:///D:/bbin/cocos/BIG_wings/assets/game/BigWings/script/framework/mvc/index.ts.
debug: Resolve cce:/internal/code-quality/cr.mjs from file:///D:/bbin/cocos/BIG_wings/assets/game/BigWings/script/framework/mvc/index.ts as cce:/internal/code-quality/cr.mjs.
debug: Resolve cc from file:///D:/bbin/cocos/BIG_wings/assets/game/BigWings/script/framework/mvc/index.ts as cce:/internal/x/cc.
debug: Resolve ./src/connection/ws/WebSocketCore from file:///D:/bbin/cocos/BIG_wings/assets/game/BigWings/script/framework/mvc/index.ts as file:///D:/bbin/cocos/BIG_wings/assets/game/BigWings/script/framework/mvc/src/connection/ws/WebSocketCore.ts.
debug: Resolve cce:/internal/code-quality/cr.mjs from file:///D:/bbin/cocos/BIG_wings/assets/game/BigWings/script/framework/mvc/src/connection/ws/WebSocketCore.ts as cce:/internal/code-quality/cr.mjs.
debug: Resolve cc from file:///D:/bbin/cocos/BIG_wings/assets/game/BigWings/script/framework/mvc/src/connection/ws/WebSocketCore.ts as cce:/internal/x/cc.
debug: Resolve strict-event-emitter from file:///D:/bbin/cocos/BIG_wings/assets/game/BigWings/script/framework/mvc/src/connection/ws/WebSocketCore.ts as file:///D:/bbin/cocos/BIG_wings/node_modules/strict-event-emitter/lib/index.mjs.
debug: Resolve ./src/connection/connector/receive/Receive from file:///D:/bbin/cocos/BIG_wings/assets/game/BigWings/script/framework/mvc/index.ts as file:///D:/bbin/cocos/BIG_wings/assets/game/BigWings/script/framework/mvc/src/connection/connector/receive/Receive.ts.
debug: Resolve cce:/internal/code-quality/cr.mjs from file:///D:/bbin/cocos/BIG_wings/assets/game/BigWings/script/framework/mvc/src/connection/connector/receive/Receive.ts as cce:/internal/code-quality/cr.mjs.
debug: Resolve cc from file:///D:/bbin/cocos/BIG_wings/assets/game/BigWings/script/framework/mvc/src/connection/connector/receive/Receive.ts as cce:/internal/x/cc.
debug: Resolve strict-event-emitter from file:///D:/bbin/cocos/BIG_wings/assets/game/BigWings/script/framework/mvc/src/connection/connector/receive/Receive.ts as file:///D:/bbin/cocos/BIG_wings/node_modules/strict-event-emitter/lib/index.mjs.
debug: Resolve ./src/mvc/controller/Controller from file:///D:/bbin/cocos/BIG_wings/assets/game/BigWings/script/framework/mvc/index.ts as file:///D:/bbin/cocos/BIG_wings/assets/game/BigWings/script/framework/mvc/src/mvc/controller/Controller.ts.
debug: Resolve cce:/internal/code-quality/cr.mjs from file:///D:/bbin/cocos/BIG_wings/assets/game/BigWings/script/framework/mvc/src/mvc/controller/Controller.ts as cce:/internal/code-quality/cr.mjs.
debug: Resolve cc from file:///D:/bbin/cocos/BIG_wings/assets/game/BigWings/script/framework/mvc/src/mvc/controller/Controller.ts as cce:/internal/x/cc.
debug: Resolve ../../connection/connector/receive/SeverAction from file:///D:/bbin/cocos/BIG_wings/assets/game/BigWings/script/framework/mvc/src/mvc/controller/Controller.ts as file:///D:/bbin/cocos/BIG_wings/assets/game/BigWings/script/framework/mvc/src/connection/connector/receive/SeverAction.ts.
debug: Resolve cce:/internal/code-quality/cr.mjs from file:///D:/bbin/cocos/BIG_wings/assets/game/BigWings/script/framework/mvc/src/connection/connector/receive/SeverAction.ts as cce:/internal/code-quality/cr.mjs.
debug: Resolve cc from file:///D:/bbin/cocos/BIG_wings/assets/game/BigWings/script/framework/mvc/src/connection/connector/receive/SeverAction.ts as cce:/internal/x/cc.
debug: Resolve ../../connection/connector/send/ClientAction from file:///D:/bbin/cocos/BIG_wings/assets/game/BigWings/script/framework/mvc/src/mvc/controller/Controller.ts as file:///D:/bbin/cocos/BIG_wings/assets/game/BigWings/script/framework/mvc/src/connection/connector/send/ClientAction.ts.
debug: Resolve cc from file:///D:/bbin/cocos/BIG_wings/assets/game/BigWings/script/framework/mvc/src/connection/connector/send/ClientAction.ts as cce:/internal/x/cc.
debug: Resolve ../model/DataModel from file:///D:/bbin/cocos/BIG_wings/assets/game/BigWings/script/framework/mvc/src/mvc/controller/Controller.ts as file:///D:/bbin/cocos/BIG_wings/assets/game/BigWings/script/framework/mvc/src/mvc/model/DataModel.ts.
debug: Resolve cce:/internal/code-quality/cr.mjs from file:///D:/bbin/cocos/BIG_wings/assets/game/BigWings/script/framework/mvc/src/mvc/model/DataModel.ts as cce:/internal/code-quality/cr.mjs.
debug: Resolve cc from file:///D:/bbin/cocos/BIG_wings/assets/game/BigWings/script/framework/mvc/src/mvc/model/DataModel.ts as cce:/internal/x/cc.
debug: Resolve ../../../../share-tools from file:///D:/bbin/cocos/BIG_wings/assets/game/BigWings/script/framework/mvc/src/mvc/model/DataModel.ts as file:///D:/bbin/cocos/BIG_wings/assets/game/BigWings/script/framework/share-tools/index.ts.
debug: Resolve ../../connection/connector/data/Receive from file:///D:/bbin/cocos/BIG_wings/assets/game/BigWings/script/framework/mvc/src/mvc/model/DataModel.ts as file:///D:/bbin/cocos/BIG_wings/assets/game/BigWings/script/framework/mvc/src/connection/connector/data/Receive/index.ts.
debug: Resolve cc from file:///D:/bbin/cocos/BIG_wings/assets/game/BigWings/script/framework/mvc/src/connection/connector/data/Receive/index.ts as cce:/internal/x/cc.
debug: Resolve ./Error from file:///D:/bbin/cocos/BIG_wings/assets/game/BigWings/script/framework/mvc/src/connection/connector/data/Receive/index.ts as file:///D:/bbin/cocos/BIG_wings/assets/game/BigWings/script/framework/mvc/src/connection/connector/data/Receive/Error.ts.
debug: Resolve cc from file:///D:/bbin/cocos/BIG_wings/assets/game/BigWings/script/framework/mvc/src/connection/connector/data/Receive/Error.ts as cce:/internal/x/cc.
debug: Resolve ./onBalanceExchange from file:///D:/bbin/cocos/BIG_wings/assets/game/BigWings/script/framework/mvc/src/connection/connector/data/Receive/index.ts as file:///D:/bbin/cocos/BIG_wings/assets/game/BigWings/script/framework/mvc/src/connection/connector/data/Receive/onBalanceExchange.ts.
debug: Resolve cc from file:///D:/bbin/cocos/BIG_wings/assets/game/BigWings/script/framework/mvc/src/connection/connector/data/Receive/onBalanceExchange.ts as cce:/internal/x/cc.
debug: Resolve ./onBeginGame from file:///D:/bbin/cocos/BIG_wings/assets/game/BigWings/script/framework/mvc/src/connection/connector/data/Receive/index.ts as file:///D:/bbin/cocos/BIG_wings/assets/game/BigWings/script/framework/mvc/src/connection/connector/data/Receive/onBeginGame.ts.
debug: Resolve cc from file:///D:/bbin/cocos/BIG_wings/assets/game/BigWings/script/framework/mvc/src/connection/connector/data/Receive/onBeginGame.ts as cce:/internal/x/cc.
debug: Resolve ./onCreditExchange from file:///D:/bbin/cocos/BIG_wings/assets/game/BigWings/script/framework/mvc/src/connection/connector/data/Receive/index.ts as file:///D:/bbin/cocos/BIG_wings/assets/game/BigWings/script/framework/mvc/src/connection/connector/data/Receive/onCreditExchange.ts.
debug: Resolve cc from file:///D:/bbin/cocos/BIG_wings/assets/game/BigWings/script/framework/mvc/src/connection/connector/data/Receive/onCreditExchange.ts as cce:/internal/x/cc.
debug: Resolve ./onGetMachineDetail from file:///D:/bbin/cocos/BIG_wings/assets/game/BigWings/script/framework/mvc/src/connection/connector/data/Receive/index.ts as file:///D:/bbin/cocos/BIG_wings/assets/game/BigWings/script/framework/mvc/src/connection/connector/data/Receive/onGetMachineDetail.ts.
debug: Resolve cc from file:///D:/bbin/cocos/BIG_wings/assets/game/BigWings/script/framework/mvc/src/connection/connector/data/Receive/onGetMachineDetail.ts as cce:/internal/x/cc.
debug: Resolve ./onHitJackpot from file:///D:/bbin/cocos/BIG_wings/assets/game/BigWings/script/framework/mvc/src/connection/connector/data/Receive/index.ts as file:///D:/bbin/cocos/BIG_wings/assets/game/BigWings/script/framework/mvc/src/connection/connector/data/Receive/onHitJackpot.ts.
debug: Resolve cc from file:///D:/bbin/cocos/BIG_wings/assets/game/BigWings/script/framework/mvc/src/connection/connector/data/Receive/onHitJackpot.ts as cce:/internal/x/cc.
debug: Resolve ./onLogin from file:///D:/bbin/cocos/BIG_wings/assets/game/BigWings/script/framework/mvc/src/connection/connector/data/Receive/index.ts as file:///D:/bbin/cocos/BIG_wings/assets/game/BigWings/script/framework/mvc/src/connection/connector/data/Receive/onLogin.ts.
debug: Resolve cc from file:///D:/bbin/cocos/BIG_wings/assets/game/BigWings/script/framework/mvc/src/connection/connector/data/Receive/onLogin.ts as cce:/internal/x/cc.
debug: Resolve ./onOnLoadInfo2 from file:///D:/bbin/cocos/BIG_wings/assets/game/BigWings/script/framework/mvc/src/connection/connector/data/Receive/index.ts as file:///D:/bbin/cocos/BIG_wings/assets/game/BigWings/script/framework/mvc/src/connection/connector/data/Receive/onOnLoadInfo2.ts.
debug: Resolve cc from file:///D:/bbin/cocos/BIG_wings/assets/game/BigWings/script/framework/mvc/src/connection/connector/data/Receive/onOnLoadInfo2.ts as cce:/internal/x/cc.
debug: Resolve ./onTakeMachine from file:///D:/bbin/cocos/BIG_wings/assets/game/BigWings/script/framework/mvc/src/connection/connector/data/Receive/index.ts as file:///D:/bbin/cocos/BIG_wings/assets/game/BigWings/script/framework/mvc/src/connection/connector/data/Receive/onTakeMachine.ts.
debug: Resolve cc from file:///D:/bbin/cocos/BIG_wings/assets/game/BigWings/script/framework/mvc/src/connection/connector/data/Receive/onTakeMachine.ts as cce:/internal/x/cc.
debug: Resolve ./updateJP from file:///D:/bbin/cocos/BIG_wings/assets/game/BigWings/script/framework/mvc/src/connection/connector/data/Receive/index.ts as file:///D:/bbin/cocos/BIG_wings/assets/game/BigWings/script/framework/mvc/src/connection/connector/data/Receive/updateJP.ts.
debug: Resolve cc from file:///D:/bbin/cocos/BIG_wings/assets/game/BigWings/script/framework/mvc/src/connection/connector/data/Receive/updateJP.ts as cce:/internal/x/cc.
debug: Resolve ./src/mvc/model/Model from file:///D:/bbin/cocos/BIG_wings/assets/game/BigWings/script/framework/mvc/index.ts as file:///D:/bbin/cocos/BIG_wings/assets/game/BigWings/script/framework/mvc/src/mvc/model/Model.ts.
debug: Resolve cce:/internal/code-quality/cr.mjs from file:///D:/bbin/cocos/BIG_wings/assets/game/BigWings/script/framework/mvc/src/mvc/model/Model.ts as cce:/internal/code-quality/cr.mjs.
debug: Resolve cc from file:///D:/bbin/cocos/BIG_wings/assets/game/BigWings/script/framework/mvc/src/mvc/model/Model.ts as cce:/internal/x/cc.
debug: Resolve ../../../../share-tools from file:///D:/bbin/cocos/BIG_wings/assets/game/BigWings/script/framework/mvc/src/mvc/model/Model.ts as file:///D:/bbin/cocos/BIG_wings/assets/game/BigWings/script/framework/share-tools/index.ts.
debug: Resolve ../../connection/connector/receive/SeverAction from file:///D:/bbin/cocos/BIG_wings/assets/game/BigWings/script/framework/mvc/src/mvc/model/Model.ts as file:///D:/bbin/cocos/BIG_wings/assets/game/BigWings/script/framework/mvc/src/connection/connector/receive/SeverAction.ts.
debug: Resolve ../../connection/connector/Connector from file:///D:/bbin/cocos/BIG_wings/assets/game/BigWings/script/framework/mvc/src/mvc/model/Model.ts as file:///D:/bbin/cocos/BIG_wings/assets/game/BigWings/script/framework/mvc/src/connection/connector/Connector.ts.
debug: Resolve cce:/internal/code-quality/cr.mjs from file:///D:/bbin/cocos/BIG_wings/assets/game/BigWings/script/framework/mvc/src/connection/connector/Connector.ts as cce:/internal/code-quality/cr.mjs.
debug: Resolve cc from file:///D:/bbin/cocos/BIG_wings/assets/game/BigWings/script/framework/mvc/src/connection/connector/Connector.ts as cce:/internal/x/cc.
debug: Resolve ../ws/WebSocketCore from file:///D:/bbin/cocos/BIG_wings/assets/game/BigWings/script/framework/mvc/src/connection/connector/Connector.ts as file:///D:/bbin/cocos/BIG_wings/assets/game/BigWings/script/framework/mvc/src/connection/ws/WebSocketCore.ts.
debug: Resolve ../ws/deserializer from file:///D:/bbin/cocos/BIG_wings/assets/game/BigWings/script/framework/mvc/src/connection/connector/Connector.ts as file:///D:/bbin/cocos/BIG_wings/assets/game/BigWings/script/framework/mvc/src/connection/ws/deserializer.ts.
debug: Resolve cc from file:///D:/bbin/cocos/BIG_wings/assets/game/BigWings/script/framework/mvc/src/connection/ws/deserializer.ts as cce:/internal/x/cc.
debug: Resolve ../ws/serializer from file:///D:/bbin/cocos/BIG_wings/assets/game/BigWings/script/framework/mvc/src/connection/connector/Connector.ts as file:///D:/bbin/cocos/BIG_wings/assets/game/BigWings/script/framework/mvc/src/connection/ws/serializer.ts.
debug: Resolve cc from file:///D:/bbin/cocos/BIG_wings/assets/game/BigWings/script/framework/mvc/src/connection/ws/serializer.ts as cce:/internal/x/cc.
debug: Resolve ./receive/Receive from file:///D:/bbin/cocos/BIG_wings/assets/game/BigWings/script/framework/mvc/src/connection/connector/Connector.ts as file:///D:/bbin/cocos/BIG_wings/assets/game/BigWings/script/framework/mvc/src/connection/connector/receive/Receive.ts.
debug: Resolve ./send/Send from file:///D:/bbin/cocos/BIG_wings/assets/game/BigWings/script/framework/mvc/src/connection/connector/Connector.ts as file:///D:/bbin/cocos/BIG_wings/assets/game/BigWings/script/framework/mvc/src/connection/connector/send/Send.ts.
debug: Resolve cce:/internal/code-quality/cr.mjs from file:///D:/bbin/cocos/BIG_wings/assets/game/BigWings/script/framework/mvc/src/connection/connector/send/Send.ts as cce:/internal/code-quality/cr.mjs.
debug: Resolve cc from file:///D:/bbin/cocos/BIG_wings/assets/game/BigWings/script/framework/mvc/src/connection/connector/send/Send.ts as cce:/internal/x/cc.
debug: Resolve ../../connection/connector/data/Receive from file:///D:/bbin/cocos/BIG_wings/assets/game/BigWings/script/framework/mvc/src/mvc/model/Model.ts as file:///D:/bbin/cocos/BIG_wings/assets/game/BigWings/script/framework/mvc/src/connection/connector/data/Receive/index.ts.
debug: Resolve ./DataModel from file:///D:/bbin/cocos/BIG_wings/assets/game/BigWings/script/framework/mvc/src/mvc/model/Model.ts as file:///D:/bbin/cocos/BIG_wings/assets/game/BigWings/script/framework/mvc/src/mvc/model/DataModel.ts.
debug: Resolve ./src/mvc/model/DataModel from file:///D:/bbin/cocos/BIG_wings/assets/game/BigWings/script/framework/mvc/index.ts as file:///D:/bbin/cocos/BIG_wings/assets/game/BigWings/script/framework/mvc/src/mvc/model/DataModel.ts.
debug: Resolve ./src/mvc/view/View from file:///D:/bbin/cocos/BIG_wings/assets/game/BigWings/script/framework/mvc/index.ts as file:///D:/bbin/cocos/BIG_wings/assets/game/BigWings/script/framework/mvc/src/mvc/view/View.ts.
debug: Resolve cce:/internal/code-quality/cr.mjs from file:///D:/bbin/cocos/BIG_wings/assets/game/BigWings/script/framework/mvc/src/mvc/view/View.ts as cce:/internal/code-quality/cr.mjs.
debug: Resolve cc from file:///D:/bbin/cocos/BIG_wings/assets/game/BigWings/script/framework/mvc/src/mvc/view/View.ts as cce:/internal/x/cc.
debug: Resolve ../../../../share-tools from file:///D:/bbin/cocos/BIG_wings/assets/game/BigWings/script/framework/mvc/src/mvc/view/View.ts as file:///D:/bbin/cocos/BIG_wings/assets/game/BigWings/script/framework/share-tools/index.ts.
debug: Resolve ../../connection/connector/receive/SeverAction from file:///D:/bbin/cocos/BIG_wings/assets/game/BigWings/script/framework/mvc/src/mvc/view/View.ts as file:///D:/bbin/cocos/BIG_wings/assets/game/BigWings/script/framework/mvc/src/connection/connector/receive/SeverAction.ts.
debug: Resolve ../../interface from file:///D:/bbin/cocos/BIG_wings/assets/game/BigWings/script/framework/mvc/src/mvc/view/View.ts as file:///D:/bbin/cocos/BIG_wings/assets/game/BigWings/script/framework/mvc/src/interface/index.ts.
debug: Resolve cc from file:///D:/bbin/cocos/BIG_wings/assets/game/BigWings/script/framework/mvc/src/interface/index.ts as cce:/internal/x/cc.
debug: Resolve ./Command from file:///D:/bbin/cocos/BIG_wings/assets/game/BigWings/script/framework/mvc/src/interface/index.ts as file:///D:/bbin/cocos/BIG_wings/assets/game/BigWings/script/framework/mvc/src/interface/Command.ts.
debug: Resolve cce:/internal/code-quality/cr.mjs from file:///D:/bbin/cocos/BIG_wings/assets/game/BigWings/script/framework/mvc/src/interface/Command.ts as cce:/internal/code-quality/cr.mjs.
debug: Resolve cc from file:///D:/bbin/cocos/BIG_wings/assets/game/BigWings/script/framework/mvc/src/interface/Command.ts as cce:/internal/x/cc.
debug: Resolve ./Costume from file:///D:/bbin/cocos/BIG_wings/assets/game/BigWings/script/framework/mvc/src/interface/index.ts as file:///D:/bbin/cocos/BIG_wings/assets/game/BigWings/script/framework/mvc/src/interface/Costume.ts.
debug: Resolve cce:/internal/code-quality/cr.mjs from file:///D:/bbin/cocos/BIG_wings/assets/game/BigWings/script/framework/mvc/src/interface/Costume.ts as cce:/internal/code-quality/cr.mjs.
debug: Resolve cc from file:///D:/bbin/cocos/BIG_wings/assets/game/BigWings/script/framework/mvc/src/interface/Costume.ts as cce:/internal/x/cc.
debug: Resolve ./Exchange from file:///D:/bbin/cocos/BIG_wings/assets/game/BigWings/script/framework/mvc/src/interface/index.ts as file:///D:/bbin/cocos/BIG_wings/assets/game/BigWings/script/framework/mvc/src/interface/Exchange.ts.
debug: Resolve cce:/internal/code-quality/cr.mjs from file:///D:/bbin/cocos/BIG_wings/assets/game/BigWings/script/framework/mvc/src/interface/Exchange.ts as cce:/internal/code-quality/cr.mjs.
debug: Resolve cc from file:///D:/bbin/cocos/BIG_wings/assets/game/BigWings/script/framework/mvc/src/interface/Exchange.ts as cce:/internal/x/cc.
debug: Resolve decimal.js from file:///D:/bbin/cocos/BIG_wings/assets/game/BigWings/script/framework/mvc/src/interface/Exchange.ts as file:///D:/bbin/cocos/BIG_wings/node_modules/decimal.js/decimal.mjs.
debug: Resolve strict-event-emitter from file:///D:/bbin/cocos/BIG_wings/assets/game/BigWings/script/framework/mvc/src/interface/Exchange.ts as file:///D:/bbin/cocos/BIG_wings/node_modules/strict-event-emitter/lib/index.mjs.
debug: Resolve ./Toolbar from file:///D:/bbin/cocos/BIG_wings/assets/game/BigWings/script/framework/mvc/src/interface/index.ts as file:///D:/bbin/cocos/BIG_wings/assets/game/BigWings/script/framework/mvc/src/interface/Toolbar.ts.
debug: Resolve cce:/internal/code-quality/cr.mjs from file:///D:/bbin/cocos/BIG_wings/assets/game/BigWings/script/framework/mvc/src/interface/Toolbar.ts as cce:/internal/code-quality/cr.mjs.
debug: Resolve cc from file:///D:/bbin/cocos/BIG_wings/assets/game/BigWings/script/framework/mvc/src/interface/Toolbar.ts as cce:/internal/x/cc.
debug: Resolve ./Alert from file:///D:/bbin/cocos/BIG_wings/assets/game/BigWings/script/framework/mvc/src/interface/index.ts as file:///D:/bbin/cocos/BIG_wings/assets/game/BigWings/script/framework/mvc/src/interface/Alert.ts.
debug: Resolve cce:/internal/code-quality/cr.mjs from file:///D:/bbin/cocos/BIG_wings/assets/game/BigWings/script/framework/mvc/src/interface/Alert.ts as cce:/internal/code-quality/cr.mjs.
debug: Resolve cc from file:///D:/bbin/cocos/BIG_wings/assets/game/BigWings/script/framework/mvc/src/interface/Alert.ts as cce:/internal/x/cc.
debug: Resolve ./src/interface/Command from file:///D:/bbin/cocos/BIG_wings/assets/game/BigWings/script/framework/mvc/index.ts as file:///D:/bbin/cocos/BIG_wings/assets/game/BigWings/script/framework/mvc/src/interface/Command.ts.
debug: Resolve ./src/interface/Toolbar from file:///D:/bbin/cocos/BIG_wings/assets/game/BigWings/script/framework/mvc/index.ts as file:///D:/bbin/cocos/BIG_wings/assets/game/BigWings/script/framework/mvc/src/interface/Toolbar.ts.
debug: Resolve ./src/interface/Costume from file:///D:/bbin/cocos/BIG_wings/assets/game/BigWings/script/framework/mvc/index.ts as file:///D:/bbin/cocos/BIG_wings/assets/game/BigWings/script/framework/mvc/src/interface/Costume.ts.
debug: Resolve ./src/interface/Exchange from file:///D:/bbin/cocos/BIG_wings/assets/game/BigWings/script/framework/mvc/index.ts as file:///D:/bbin/cocos/BIG_wings/assets/game/BigWings/script/framework/mvc/src/interface/Exchange.ts.
debug: Resolve ./lib/BaseModel from file:///D:/bbin/cocos/BIG_wings/assets/game/BigWings/script/Applicaiton.ts as file:///D:/bbin/cocos/BIG_wings/assets/game/BigWings/script/lib/BaseModel.ts.
debug: Resolve cce:/internal/code-quality/cr.mjs from file:///D:/bbin/cocos/BIG_wings/assets/game/BigWings/script/lib/BaseModel.ts as cce:/internal/code-quality/cr.mjs.
debug: Resolve cc from file:///D:/bbin/cocos/BIG_wings/assets/game/BigWings/script/lib/BaseModel.ts as cce:/internal/x/cc.
debug: Resolve @casino-mono/share-tools from file:///D:/bbin/cocos/BIG_wings/assets/game/BigWings/script/lib/BaseModel.ts as file:///D:/bbin/cocos/BIG_wings/assets/game/BigWings/script/framework/share-tools/index.ts.
debug: Resolve @casino-mono/mvc from file:///D:/bbin/cocos/BIG_wings/assets/game/BigWings/script/lib/BaseModel.ts as file:///D:/bbin/cocos/BIG_wings/assets/game/BigWings/script/framework/mvc/index.ts.
debug: Resolve ./RecvMessage from file:///D:/bbin/cocos/BIG_wings/assets/game/BigWings/script/lib/BaseModel.ts as file:///D:/bbin/cocos/BIG_wings/assets/game/BigWings/script/lib/RecvMessage.ts.
debug: Resolve ./BaseDataModel from file:///D:/bbin/cocos/BIG_wings/assets/game/BigWings/script/lib/BaseModel.ts as file:///D:/bbin/cocos/BIG_wings/assets/game/BigWings/script/lib/BaseDataModel.ts.
debug: Resolve cc from file:///D:/bbin/cocos/BIG_wings/assets/game/BigWings/script/lib/BaseDataModel.ts as cce:/internal/x/cc.
debug: Resolve @casino-mono/mvc from file:///D:/bbin/cocos/BIG_wings/assets/game/BigWings/script/lib/BaseDataModel.ts as file:///D:/bbin/cocos/BIG_wings/assets/game/BigWings/script/framework/mvc/index.ts.
debug: Resolve ./lib/BaseView from file:///D:/bbin/cocos/BIG_wings/assets/game/BigWings/script/Applicaiton.ts as file:///D:/bbin/cocos/BIG_wings/assets/game/BigWings/script/lib/BaseView.ts.
debug: Resolve cce:/internal/code-quality/cr.mjs from file:///D:/bbin/cocos/BIG_wings/assets/game/BigWings/script/lib/BaseView.ts as cce:/internal/code-quality/cr.mjs.
debug: Resolve cc from file:///D:/bbin/cocos/BIG_wings/assets/game/BigWings/script/lib/BaseView.ts as cce:/internal/x/cc.
debug: Resolve cc from file:///D:/bbin/cocos/BIG_wings/assets/game/BigWings/script/lib/BaseView.ts as cce:/internal/x/cc.
debug: Resolve ./BasePresenter from file:///D:/bbin/cocos/BIG_wings/assets/game/BigWings/script/lib/BaseView.ts as file:///D:/bbin/cocos/BIG_wings/assets/game/BigWings/script/lib/BasePresenter.ts.
debug: Resolve ./BaseModel from file:///D:/bbin/cocos/BIG_wings/assets/game/BigWings/script/lib/BaseView.ts as file:///D:/bbin/cocos/BIG_wings/assets/game/BigWings/script/lib/BaseModel.ts.
debug: Resolve @casino-mono/mvc from file:///D:/bbin/cocos/BIG_wings/assets/game/BigWings/script/lib/BaseView.ts as file:///D:/bbin/cocos/BIG_wings/assets/game/BigWings/script/framework/mvc/index.ts.
debug: Resolve cc from file:///D:/bbin/cocos/BIG_wings/assets/game/BigWings/script/lib/BaseView.ts as cce:/internal/x/cc.
debug: Resolve ./tools/Resize from file:///D:/bbin/cocos/BIG_wings/assets/game/BigWings/script/Applicaiton.ts as file:///D:/bbin/cocos/BIG_wings/assets/game/BigWings/script/tools/Resize.ts.
debug: Resolve cc from file:///D:/bbin/cocos/BIG_wings/assets/game/BigWings/script/tools/Resize.ts as cce:/internal/x/cc.
debug: Resolve cc from file:///D:/bbin/cocos/BIG_wings/assets/game/BigWings/script/tools/Resize.ts as cce:/internal/x/cc.
debug: Resolve cc from file:///D:/bbin/cocos/BIG_wings/assets/game/BigWings/script/tools/Resize.ts as cce:/internal/x/cc.
debug: Resolve ./components/BigWingsView from file:///D:/bbin/cocos/BIG_wings/assets/game/BigWings/script/Applicaiton.ts as file:///D:/bbin/cocos/BIG_wings/assets/game/BigWings/script/components/BigWingsView.ts.
debug: Resolve cce:/internal/code-quality/cr.mjs from file:///D:/bbin/cocos/BIG_wings/assets/game/BigWings/script/components/BigWingsView.ts as cce:/internal/code-quality/cr.mjs.
debug: Resolve cc from file:///D:/bbin/cocos/BIG_wings/assets/game/BigWings/script/components/BigWingsView.ts as cce:/internal/x/cc.
debug: Resolve cc from file:///D:/bbin/cocos/BIG_wings/assets/game/BigWings/script/components/BigWingsView.ts as cce:/internal/x/cc.
debug: Resolve ../lib/BaseView from file:///D:/bbin/cocos/BIG_wings/assets/game/BigWings/script/components/BigWingsView.ts as file:///D:/bbin/cocos/BIG_wings/assets/game/BigWings/script/lib/BaseView.ts.
debug: Resolve cc from file:///D:/bbin/cocos/BIG_wings/assets/game/BigWings/script/components/BigWingsView.ts as cce:/internal/x/cc.
debug: Resolve ../Applicaiton from file:///D:/bbin/cocos/BIG_wings/assets/game/BigWings/script/components/BigWingsView.ts as file:///D:/bbin/cocos/BIG_wings/assets/game/BigWings/script/Applicaiton.ts.
debug: Resolve ../lib/BaseModel from file:///D:/bbin/cocos/BIG_wings/assets/game/BigWings/script/components/BigWingsView.ts as file:///D:/bbin/cocos/BIG_wings/assets/game/BigWings/script/lib/BaseModel.ts.
debug: Resolve @casino-mono/mvc from file:///D:/bbin/cocos/BIG_wings/assets/game/BigWings/script/components/BigWingsView.ts as file:///D:/bbin/cocos/BIG_wings/assets/game/BigWings/script/framework/mvc/index.ts.
debug: Resolve ./AlertPanel from file:///D:/bbin/cocos/BIG_wings/assets/game/BigWings/script/components/BigWingsView.ts as file:///D:/bbin/cocos/BIG_wings/assets/game/BigWings/script/components/AlertPanel.ts.
debug: Resolve cce:/internal/code-quality/cr.mjs from file:///D:/bbin/cocos/BIG_wings/assets/game/BigWings/script/components/AlertPanel.ts as cce:/internal/code-quality/cr.mjs.
debug: Resolve cc from file:///D:/bbin/cocos/BIG_wings/assets/game/BigWings/script/components/AlertPanel.ts as cce:/internal/x/cc.
debug: Resolve cc from file:///D:/bbin/cocos/BIG_wings/assets/game/BigWings/script/components/AlertPanel.ts as cce:/internal/x/cc.
debug: Resolve cc from file:///D:/bbin/cocos/BIG_wings/assets/game/BigWings/script/components/AlertPanel.ts as cce:/internal/x/cc.
debug: Resolve ../lib/UtilsKit from file:///D:/bbin/cocos/BIG_wings/assets/game/BigWings/script/components/AlertPanel.ts as file:///D:/bbin/cocos/BIG_wings/assets/game/BigWings/script/lib/UtilsKit.ts.
debug: Resolve cce:/internal/code-quality/cr.mjs from file:///D:/bbin/cocos/BIG_wings/assets/game/BigWings/script/lib/UtilsKit.ts as cce:/internal/code-quality/cr.mjs.
debug: Resolve cc from file:///D:/bbin/cocos/BIG_wings/assets/game/BigWings/script/lib/UtilsKit.ts as cce:/internal/x/cc.
debug: Resolve cc from file:///D:/bbin/cocos/BIG_wings/assets/game/BigWings/script/lib/UtilsKit.ts as cce:/internal/x/cc.
debug: Resolve cc from file:///D:/bbin/cocos/BIG_wings/assets/game/BigWings/script/lib/UtilsKit.ts as cce:/internal/x/cc.
debug: Resolve ../../../../common/script/anim/playAnimOnEnable from file:///D:/bbin/cocos/BIG_wings/assets/game/BigWings/script/lib/UtilsKit.ts as file:///D:/bbin/cocos/BIG_wings/assets/common/script/anim/playAnimOnEnable.ts.
debug: Resolve ./ExchangePanel from file:///D:/bbin/cocos/BIG_wings/assets/game/BigWings/script/components/BigWingsView.ts as file:///D:/bbin/cocos/BIG_wings/assets/game/BigWings/script/components/ExchangePanel.ts.
debug: Resolve cce:/internal/code-quality/cr.mjs from file:///D:/bbin/cocos/BIG_wings/assets/game/BigWings/script/components/ExchangePanel.ts as cce:/internal/code-quality/cr.mjs.
debug: Resolve cc from file:///D:/bbin/cocos/BIG_wings/assets/game/BigWings/script/components/ExchangePanel.ts as cce:/internal/x/cc.
debug: Resolve cc from file:///D:/bbin/cocos/BIG_wings/assets/game/BigWings/script/components/ExchangePanel.ts as cce:/internal/x/cc.
debug: Resolve @casino-mono/mvc from file:///D:/bbin/cocos/BIG_wings/assets/game/BigWings/script/components/ExchangePanel.ts as file:///D:/bbin/cocos/BIG_wings/assets/game/BigWings/script/framework/mvc/index.ts.
debug: Resolve cc from file:///D:/bbin/cocos/BIG_wings/assets/game/BigWings/script/components/ExchangePanel.ts as cce:/internal/x/cc.
debug: Resolve ../../../../common/script/ui/customButton from file:///D:/bbin/cocos/BIG_wings/assets/game/BigWings/script/components/ExchangePanel.ts as file:///D:/bbin/cocos/BIG_wings/assets/common/script/ui/customButton.ts.
debug: Resolve ./GameManager from file:///D:/bbin/cocos/BIG_wings/assets/game/BigWings/script/components/BigWingsView.ts as file:///D:/bbin/cocos/BIG_wings/assets/game/BigWings/script/components/GameManager.ts.
debug: Resolve cce:/internal/code-quality/cr.mjs from file:///D:/bbin/cocos/BIG_wings/assets/game/BigWings/script/components/GameManager.ts as cce:/internal/code-quality/cr.mjs.
debug: Resolve cc from file:///D:/bbin/cocos/BIG_wings/assets/game/BigWings/script/components/GameManager.ts as cce:/internal/x/cc.
debug: Resolve cc from file:///D:/bbin/cocos/BIG_wings/assets/game/BigWings/script/components/GameManager.ts as cce:/internal/x/cc.
debug: Resolve @casino-mono/mvc from file:///D:/bbin/cocos/BIG_wings/assets/game/BigWings/script/components/GameManager.ts as file:///D:/bbin/cocos/BIG_wings/assets/game/BigWings/script/framework/mvc/index.ts.
debug: Resolve cc from file:///D:/bbin/cocos/BIG_wings/assets/game/BigWings/script/components/GameManager.ts as cce:/internal/x/cc.
debug: Resolve strict-event-emitter from file:///D:/bbin/cocos/BIG_wings/assets/game/BigWings/script/components/GameManager.ts as file:///D:/bbin/cocos/BIG_wings/node_modules/strict-event-emitter/lib/index.mjs.
debug: Resolve ../wheel/Roller from file:///D:/bbin/cocos/BIG_wings/assets/game/BigWings/script/components/GameManager.ts as file:///D:/bbin/cocos/BIG_wings/assets/game/BigWings/script/wheel/Roller.ts.
debug: Resolve cce:/internal/code-quality/cr.mjs from file:///D:/bbin/cocos/BIG_wings/assets/game/BigWings/script/wheel/Roller.ts as cce:/internal/code-quality/cr.mjs.
debug: Resolve cc from file:///D:/bbin/cocos/BIG_wings/assets/game/BigWings/script/wheel/Roller.ts as cce:/internal/x/cc.
debug: Resolve cc from file:///D:/bbin/cocos/BIG_wings/assets/game/BigWings/script/wheel/Roller.ts as cce:/internal/x/cc.
debug: Resolve cc from file:///D:/bbin/cocos/BIG_wings/assets/game/BigWings/script/wheel/Roller.ts as cce:/internal/x/cc.
debug: Resolve ./SlotWheel from file:///D:/bbin/cocos/BIG_wings/assets/game/BigWings/script/wheel/Roller.ts as file:///D:/bbin/cocos/BIG_wings/assets/game/BigWings/script/wheel/SlotWheel.ts.
debug: Resolve cce:/internal/code-quality/cr.mjs from file:///D:/bbin/cocos/BIG_wings/assets/game/BigWings/script/wheel/SlotWheel.ts as cce:/internal/code-quality/cr.mjs.
debug: Resolve cc from file:///D:/bbin/cocos/BIG_wings/assets/game/BigWings/script/wheel/SlotWheel.ts as cce:/internal/x/cc.
debug: Resolve cc from file:///D:/bbin/cocos/BIG_wings/assets/game/BigWings/script/wheel/SlotWheel.ts as cce:/internal/x/cc.
debug: Resolve cc from file:///D:/bbin/cocos/BIG_wings/assets/game/BigWings/script/wheel/SlotWheel.ts as cce:/internal/x/cc.
debug: Resolve ./SymbolItem from file:///D:/bbin/cocos/BIG_wings/assets/game/BigWings/script/wheel/SlotWheel.ts as file:///D:/bbin/cocos/BIG_wings/assets/game/BigWings/script/wheel/SymbolItem.ts.
debug: Resolve cce:/internal/code-quality/cr.mjs from file:///D:/bbin/cocos/BIG_wings/assets/game/BigWings/script/wheel/SymbolItem.ts as cce:/internal/code-quality/cr.mjs.
debug: Resolve cc from file:///D:/bbin/cocos/BIG_wings/assets/game/BigWings/script/wheel/SymbolItem.ts as cce:/internal/x/cc.
debug: Resolve cc from file:///D:/bbin/cocos/BIG_wings/assets/game/BigWings/script/wheel/SymbolItem.ts as cce:/internal/x/cc.
debug: Resolve cc from file:///D:/bbin/cocos/BIG_wings/assets/game/BigWings/script/wheel/SymbolItem.ts as cce:/internal/x/cc.
debug: Resolve ../tools/PrefabInstancePoolManager from file:///D:/bbin/cocos/BIG_wings/assets/game/BigWings/script/wheel/SymbolItem.ts as file:///D:/bbin/cocos/BIG_wings/assets/game/BigWings/script/tools/PrefabInstancePoolManager.ts.
debug: Resolve cc from file:///D:/bbin/cocos/BIG_wings/assets/game/BigWings/script/tools/PrefabInstancePoolManager.ts as cce:/internal/x/cc.
debug: Resolve cc from file:///D:/bbin/cocos/BIG_wings/assets/game/BigWings/script/tools/PrefabInstancePoolManager.ts as cce:/internal/x/cc.
debug: Resolve cc from file:///D:/bbin/cocos/BIG_wings/assets/game/BigWings/script/tools/PrefabInstancePoolManager.ts as cce:/internal/x/cc.
debug: Resolve ../tools/PrefabInstancePoolManager from file:///D:/bbin/cocos/BIG_wings/assets/game/BigWings/script/wheel/SlotWheel.ts as file:///D:/bbin/cocos/BIG_wings/assets/game/BigWings/script/tools/PrefabInstancePoolManager.ts.
debug: Resolve ../lib/UtilsKit from file:///D:/bbin/cocos/BIG_wings/assets/game/BigWings/script/wheel/Roller.ts as file:///D:/bbin/cocos/BIG_wings/assets/game/BigWings/script/lib/UtilsKit.ts.
debug: Resolve ../lib/UtilsKit from file:///D:/bbin/cocos/BIG_wings/assets/game/BigWings/script/components/GameManager.ts as file:///D:/bbin/cocos/BIG_wings/assets/game/BigWings/script/lib/UtilsKit.ts.
debug: Resolve ../wheel/BigWingsRoller from file:///D:/bbin/cocos/BIG_wings/assets/game/BigWings/script/components/GameManager.ts as file:///D:/bbin/cocos/BIG_wings/assets/game/BigWings/script/wheel/BigWingsRoller.ts.
debug: Resolve cce:/internal/code-quality/cr.mjs from file:///D:/bbin/cocos/BIG_wings/assets/game/BigWings/script/wheel/BigWingsRoller.ts as cce:/internal/code-quality/cr.mjs.
debug: Resolve cc from file:///D:/bbin/cocos/BIG_wings/assets/game/BigWings/script/wheel/BigWingsRoller.ts as cce:/internal/x/cc.
debug: Resolve cc from file:///D:/bbin/cocos/BIG_wings/assets/game/BigWings/script/wheel/BigWingsRoller.ts as cce:/internal/x/cc.
debug: Resolve cc from file:///D:/bbin/cocos/BIG_wings/assets/game/BigWings/script/wheel/BigWingsRoller.ts as cce:/internal/x/cc.
debug: Resolve ./Roller from file:///D:/bbin/cocos/BIG_wings/assets/game/BigWings/script/wheel/BigWingsRoller.ts as file:///D:/bbin/cocos/BIG_wings/assets/game/BigWings/script/wheel/Roller.ts.
debug: Resolve ../lib/UtilsKit from file:///D:/bbin/cocos/BIG_wings/assets/game/BigWings/script/wheel/BigWingsRoller.ts as file:///D:/bbin/cocos/BIG_wings/assets/game/BigWings/script/lib/UtilsKit.ts.
debug: Resolve ./BigWingsSymbol from file:///D:/bbin/cocos/BIG_wings/assets/game/BigWings/script/wheel/BigWingsRoller.ts as file:///D:/bbin/cocos/BIG_wings/assets/game/BigWings/script/wheel/BigWingsSymbol.ts.
debug: Resolve cce:/internal/code-quality/cr.mjs from file:///D:/bbin/cocos/BIG_wings/assets/game/BigWings/script/wheel/BigWingsSymbol.ts as cce:/internal/code-quality/cr.mjs.
debug: Resolve cc from file:///D:/bbin/cocos/BIG_wings/assets/game/BigWings/script/wheel/BigWingsSymbol.ts as cce:/internal/x/cc.
debug: Resolve cc from file:///D:/bbin/cocos/BIG_wings/assets/game/BigWings/script/wheel/BigWingsSymbol.ts as cce:/internal/x/cc.
debug: Resolve cc from file:///D:/bbin/cocos/BIG_wings/assets/game/BigWings/script/wheel/BigWingsSymbol.ts as cce:/internal/x/cc.
debug: Resolve ./SymbolItem from file:///D:/bbin/cocos/BIG_wings/assets/game/BigWings/script/wheel/BigWingsSymbol.ts as file:///D:/bbin/cocos/BIG_wings/assets/game/BigWings/script/wheel/SymbolItem.ts.
debug: Resolve ../lib/UtilsKit from file:///D:/bbin/cocos/BIG_wings/assets/game/BigWings/script/wheel/BigWingsSymbol.ts as file:///D:/bbin/cocos/BIG_wings/assets/game/BigWings/script/lib/UtilsKit.ts.
debug: Resolve ../../../../techArt/game/mahjong/script/symbolResource_TA from file:///D:/bbin/cocos/BIG_wings/assets/game/BigWings/script/components/GameManager.ts as file:///D:/bbin/cocos/BIG_wings/assets/techArt/game/mahjong/script/symbolResource_TA.ts.
debug: Resolve cc from file:///D:/bbin/cocos/BIG_wings/assets/techArt/game/mahjong/script/symbolResource_TA.ts as cce:/internal/x/cc.
debug: Resolve cc from file:///D:/bbin/cocos/BIG_wings/assets/techArt/game/mahjong/script/symbolResource_TA.ts as cce:/internal/x/cc.
debug: Resolve cc from file:///D:/bbin/cocos/BIG_wings/assets/techArt/game/mahjong/script/symbolResource_TA.ts as cce:/internal/x/cc.
debug: Resolve ../mock/MockData from file:///D:/bbin/cocos/BIG_wings/assets/game/BigWings/script/components/GameManager.ts as file:///D:/bbin/cocos/BIG_wings/assets/game/BigWings/script/mock/MockData.ts.
debug: Resolve cc from file:///D:/bbin/cocos/BIG_wings/assets/game/BigWings/script/mock/MockData.ts as cce:/internal/x/cc.
debug: Resolve ./MainGame from file:///D:/bbin/cocos/BIG_wings/assets/game/BigWings/script/components/GameManager.ts as file:///D:/bbin/cocos/BIG_wings/assets/game/BigWings/script/components/MainGame.ts.
debug: Resolve cce:/internal/code-quality/cr.mjs from file:///D:/bbin/cocos/BIG_wings/assets/game/BigWings/script/components/MainGame.ts as cce:/internal/code-quality/cr.mjs.
debug: Resolve cc from file:///D:/bbin/cocos/BIG_wings/assets/game/BigWings/script/components/MainGame.ts as cce:/internal/x/cc.
debug: Resolve cc from file:///D:/bbin/cocos/BIG_wings/assets/game/BigWings/script/components/MainGame.ts as cce:/internal/x/cc.
debug: Resolve cc from file:///D:/bbin/cocos/BIG_wings/assets/game/BigWings/script/components/MainGame.ts as cce:/internal/x/cc.
debug: Resolve ../wheel/LineRope from file:///D:/bbin/cocos/BIG_wings/assets/game/BigWings/script/components/MainGame.ts as file:///D:/bbin/cocos/BIG_wings/assets/game/BigWings/script/wheel/LineRope.ts.
debug: Resolve cce:/internal/code-quality/cr.mjs from file:///D:/bbin/cocos/BIG_wings/assets/game/BigWings/script/wheel/LineRope.ts as cce:/internal/code-quality/cr.mjs.
debug: Resolve cc from file:///D:/bbin/cocos/BIG_wings/assets/game/BigWings/script/wheel/LineRope.ts as cce:/internal/x/cc.
debug: Resolve cc from file:///D:/bbin/cocos/BIG_wings/assets/game/BigWings/script/wheel/LineRope.ts as cce:/internal/x/cc.
debug: Resolve cc from file:///D:/bbin/cocos/BIG_wings/assets/game/BigWings/script/wheel/LineRope.ts as cce:/internal/x/cc.
debug: Resolve ../components/TextureLineGraphics/script/TextureLineGraphics from file:///D:/bbin/cocos/BIG_wings/assets/game/BigWings/script/wheel/LineRope.ts as file:///D:/bbin/cocos/BIG_wings/assets/game/BigWings/script/components/TextureLineGraphics/script/TextureLineGraphics.ts.
debug: Resolve cce:/internal/code-quality/cr.mjs from file:///D:/bbin/cocos/BIG_wings/assets/game/BigWings/script/components/TextureLineGraphics/script/TextureLineGraphics.ts as cce:/internal/code-quality/cr.mjs.
debug: Resolve cc from file:///D:/bbin/cocos/BIG_wings/assets/game/BigWings/script/components/TextureLineGraphics/script/TextureLineGraphics.ts as cce:/internal/x/cc.
debug: Resolve cc from file:///D:/bbin/cocos/BIG_wings/assets/game/BigWings/script/components/TextureLineGraphics/script/TextureLineGraphics.ts as cce:/internal/x/cc.
debug: Resolve cc from file:///D:/bbin/cocos/BIG_wings/assets/game/BigWings/script/components/TextureLineGraphics/script/TextureLineGraphics.ts as cce:/internal/x/cc.
debug: Resolve ./earcut from file:///D:/bbin/cocos/BIG_wings/assets/game/BigWings/script/components/TextureLineGraphics/script/TextureLineGraphics.ts as file:///D:/bbin/cocos/BIG_wings/assets/game/BigWings/script/components/TextureLineGraphics/script/earcut.ts.
debug: Resolve cc from file:///D:/bbin/cocos/BIG_wings/assets/game/BigWings/script/components/TextureLineGraphics/script/earcut.ts as cce:/internal/x/cc.
debug: Resolve ../wheel/SymbolInfo from file:///D:/bbin/cocos/BIG_wings/assets/game/BigWings/script/components/GameManager.ts as file:///D:/bbin/cocos/BIG_wings/assets/game/BigWings/script/wheel/SymbolInfo.ts.
debug: Resolve cce:/internal/code-quality/cr.mjs from file:///D:/bbin/cocos/BIG_wings/assets/game/BigWings/script/wheel/SymbolInfo.ts as cce:/internal/code-quality/cr.mjs.
debug: Resolve cc from file:///D:/bbin/cocos/BIG_wings/assets/game/BigWings/script/wheel/SymbolInfo.ts as cce:/internal/x/cc.
debug: Resolve cc from file:///D:/bbin/cocos/BIG_wings/assets/game/BigWings/script/wheel/SymbolInfo.ts as cce:/internal/x/cc.
debug: Resolve cc from file:///D:/bbin/cocos/BIG_wings/assets/game/BigWings/script/wheel/SymbolInfo.ts as cce:/internal/x/cc.
debug: Resolve ./SymbolItem from file:///D:/bbin/cocos/BIG_wings/assets/game/BigWings/script/wheel/SymbolInfo.ts as file:///D:/bbin/cocos/BIG_wings/assets/game/BigWings/script/wheel/SymbolItem.ts.
debug: Resolve ./BigWingsRoller from file:///D:/bbin/cocos/BIG_wings/assets/game/BigWings/script/wheel/SymbolInfo.ts as file:///D:/bbin/cocos/BIG_wings/assets/game/BigWings/script/wheel/BigWingsRoller.ts.
debug: Resolve ../tools/PrefabInstancePoolManager from file:///D:/bbin/cocos/BIG_wings/assets/game/BigWings/script/wheel/SymbolInfo.ts as file:///D:/bbin/cocos/BIG_wings/assets/game/BigWings/script/tools/PrefabInstancePoolManager.ts.
debug: Resolve ./GameCommand from file:///D:/bbin/cocos/BIG_wings/assets/game/BigWings/script/components/GameManager.ts as file:///D:/bbin/cocos/BIG_wings/assets/game/BigWings/script/components/GameCommand.ts.
debug: Resolve cce:/internal/code-quality/cr.mjs from file:///D:/bbin/cocos/BIG_wings/assets/game/BigWings/script/components/GameCommand.ts as cce:/internal/code-quality/cr.mjs.
debug: Resolve cc from file:///D:/bbin/cocos/BIG_wings/assets/game/BigWings/script/components/GameCommand.ts as cce:/internal/x/cc.
debug: Resolve cc from file:///D:/bbin/cocos/BIG_wings/assets/game/BigWings/script/components/GameCommand.ts as cce:/internal/x/cc.
debug: Resolve @casino-mono/mvc from file:///D:/bbin/cocos/BIG_wings/assets/game/BigWings/script/components/GameCommand.ts as file:///D:/bbin/cocos/BIG_wings/assets/game/BigWings/script/framework/mvc/index.ts.
debug: Resolve cc from file:///D:/bbin/cocos/BIG_wings/assets/game/BigWings/script/components/GameCommand.ts as cce:/internal/x/cc.
debug: Resolve ./BaseAutoSet from file:///D:/bbin/cocos/BIG_wings/assets/game/BigWings/script/components/GameCommand.ts as file:///D:/bbin/cocos/BIG_wings/assets/game/BigWings/script/components/BaseAutoSet.ts.
debug: Resolve cc from file:///D:/bbin/cocos/BIG_wings/assets/game/BigWings/script/components/BaseAutoSet.ts as cce:/internal/x/cc.
debug: Resolve cc from file:///D:/bbin/cocos/BIG_wings/assets/game/BigWings/script/components/BaseAutoSet.ts as cce:/internal/x/cc.
debug: Resolve cc from file:///D:/bbin/cocos/BIG_wings/assets/game/BigWings/script/components/BaseAutoSet.ts as cce:/internal/x/cc.
debug: Resolve ./BetSetPanel from file:///D:/bbin/cocos/BIG_wings/assets/game/BigWings/script/components/GameCommand.ts as file:///D:/bbin/cocos/BIG_wings/assets/game/BigWings/script/components/BetSetPanel.ts.
debug: Resolve cce:/internal/code-quality/cr.mjs from file:///D:/bbin/cocos/BIG_wings/assets/game/BigWings/script/components/BetSetPanel.ts as cce:/internal/code-quality/cr.mjs.
debug: Resolve cc from file:///D:/bbin/cocos/BIG_wings/assets/game/BigWings/script/components/BetSetPanel.ts as cce:/internal/x/cc.
debug: Resolve cc from file:///D:/bbin/cocos/BIG_wings/assets/game/BigWings/script/components/BetSetPanel.ts as cce:/internal/x/cc.
debug: Resolve cc from file:///D:/bbin/cocos/BIG_wings/assets/game/BigWings/script/components/BetSetPanel.ts as cce:/internal/x/cc.
debug: Resolve ./BaseAutoSet from file:///D:/bbin/cocos/BIG_wings/assets/game/BigWings/script/components/BetSetPanel.ts as file:///D:/bbin/cocos/BIG_wings/assets/game/BigWings/script/components/BaseAutoSet.ts.
debug: Resolve @casino-mono/mvc from file:///D:/bbin/cocos/BIG_wings/assets/game/BigWings/script/components/BetSetPanel.ts as file:///D:/bbin/cocos/BIG_wings/assets/game/BigWings/script/framework/mvc/index.ts.
debug: Resolve ../wheel/SymbolInfo from file:///D:/bbin/cocos/BIG_wings/assets/game/BigWings/script/components/GameCommand.ts as file:///D:/bbin/cocos/BIG_wings/assets/game/BigWings/script/wheel/SymbolInfo.ts.
debug: Resolve ../lib/UtilsKit from file:///D:/bbin/cocos/BIG_wings/assets/game/BigWings/script/components/GameCommand.ts as file:///D:/bbin/cocos/BIG_wings/assets/game/BigWings/script/lib/UtilsKit.ts.
debug: Resolve ./BuyFreeGamePanel from file:///D:/bbin/cocos/BIG_wings/assets/game/BigWings/script/components/GameCommand.ts as file:///D:/bbin/cocos/BIG_wings/assets/game/BigWings/script/components/BuyFreeGamePanel.ts.
debug: Resolve cce:/internal/code-quality/cr.mjs from file:///D:/bbin/cocos/BIG_wings/assets/game/BigWings/script/components/BuyFreeGamePanel.ts as cce:/internal/code-quality/cr.mjs.
debug: Resolve cc from file:///D:/bbin/cocos/BIG_wings/assets/game/BigWings/script/components/BuyFreeGamePanel.ts as cce:/internal/x/cc.
debug: Resolve cc from file:///D:/bbin/cocos/BIG_wings/assets/game/BigWings/script/components/BuyFreeGamePanel.ts as cce:/internal/x/cc.
debug: Resolve cc from file:///D:/bbin/cocos/BIG_wings/assets/game/BigWings/script/components/BuyFreeGamePanel.ts as cce:/internal/x/cc.
debug: Resolve @casino-mono/mvc from file:///D:/bbin/cocos/BIG_wings/assets/game/BigWings/script/components/BuyFreeGamePanel.ts as file:///D:/bbin/cocos/BIG_wings/assets/game/BigWings/script/framework/mvc/index.ts.
debug: Resolve ../lib/UtilsKit from file:///D:/bbin/cocos/BIG_wings/assets/game/BigWings/script/components/BuyFreeGamePanel.ts as file:///D:/bbin/cocos/BIG_wings/assets/game/BigWings/script/lib/UtilsKit.ts.
debug: Resolve ../tools/audio/AudioMgr from file:///D:/bbin/cocos/BIG_wings/assets/game/BigWings/script/components/BuyFreeGamePanel.ts as file:///D:/bbin/cocos/BIG_wings/assets/game/BigWings/script/tools/audio/AudioMgr.ts.
debug: Resolve cce:/internal/code-quality/cr.mjs from file:///D:/bbin/cocos/BIG_wings/assets/game/BigWings/script/tools/audio/AudioMgr.ts as cce:/internal/code-quality/cr.mjs.
debug: Resolve cc from file:///D:/bbin/cocos/BIG_wings/assets/game/BigWings/script/tools/audio/AudioMgr.ts as cce:/internal/x/cc.
debug: Resolve cc from file:///D:/bbin/cocos/BIG_wings/assets/game/BigWings/script/tools/audio/AudioMgr.ts as cce:/internal/x/cc.
debug: Resolve ../InstanceBase from file:///D:/bbin/cocos/BIG_wings/assets/game/BigWings/script/tools/audio/AudioMgr.ts as file:///D:/bbin/cocos/BIG_wings/assets/game/BigWings/script/tools/InstanceBase.ts.
debug: Resolve cc from file:///D:/bbin/cocos/BIG_wings/assets/game/BigWings/script/tools/InstanceBase.ts as cce:/internal/x/cc.
debug: Resolve ./AudioUnit from file:///D:/bbin/cocos/BIG_wings/assets/game/BigWings/script/tools/audio/AudioMgr.ts as file:///D:/bbin/cocos/BIG_wings/assets/game/BigWings/script/tools/audio/AudioUnit.ts.
debug: Resolve cce:/internal/code-quality/cr.mjs from file:///D:/bbin/cocos/BIG_wings/assets/game/BigWings/script/tools/audio/AudioUnit.ts as cce:/internal/code-quality/cr.mjs.
debug: Resolve cc from file:///D:/bbin/cocos/BIG_wings/assets/game/BigWings/script/tools/audio/AudioUnit.ts as cce:/internal/x/cc.
debug: Resolve cc from file:///D:/bbin/cocos/BIG_wings/assets/game/BigWings/script/tools/audio/AudioUnit.ts as cce:/internal/x/cc.
debug: Resolve cc from file:///D:/bbin/cocos/BIG_wings/assets/game/BigWings/script/tools/audio/AudioUnit.ts as cce:/internal/x/cc.
debug: Resolve ./AudioMgr from file:///D:/bbin/cocos/BIG_wings/assets/game/BigWings/script/tools/audio/AudioUnit.ts as file:///D:/bbin/cocos/BIG_wings/assets/game/BigWings/script/tools/audio/AudioMgr.ts.
debug: Resolve cc from file:///D:/bbin/cocos/BIG_wings/assets/game/BigWings/script/tools/audio/AudioMgr.ts as cce:/internal/x/cc.
debug: Resolve ../ObjectPool from file:///D:/bbin/cocos/BIG_wings/assets/game/BigWings/script/tools/audio/AudioMgr.ts as file:///D:/bbin/cocos/BIG_wings/assets/game/BigWings/script/tools/ObjectPool.ts.
debug: Resolve cc from file:///D:/bbin/cocos/BIG_wings/assets/game/BigWings/script/tools/ObjectPool.ts as cce:/internal/x/cc.
debug: Resolve cc from file:///D:/bbin/cocos/BIG_wings/assets/game/BigWings/script/tools/ObjectPool.ts as cce:/internal/x/cc.
debug: Resolve cc from file:///D:/bbin/cocos/BIG_wings/assets/game/BigWings/script/tools/ObjectPool.ts as cce:/internal/x/cc.
debug: Resolve cc/env from file:///D:/bbin/cocos/BIG_wings/assets/game/BigWings/script/tools/audio/AudioMgr.ts as external dependency cc/env.
debug: Resolve ./Info from file:///D:/bbin/cocos/BIG_wings/assets/game/BigWings/script/components/GameManager.ts as file:///D:/bbin/cocos/BIG_wings/assets/game/BigWings/script/components/Info.ts.
debug: Resolve cce:/internal/code-quality/cr.mjs from file:///D:/bbin/cocos/BIG_wings/assets/game/BigWings/script/components/Info.ts as cce:/internal/code-quality/cr.mjs.
debug: Resolve cc from file:///D:/bbin/cocos/BIG_wings/assets/game/BigWings/script/components/Info.ts as cce:/internal/x/cc.
debug: Resolve cc from file:///D:/bbin/cocos/BIG_wings/assets/game/BigWings/script/components/Info.ts as cce:/internal/x/cc.
debug: Resolve cc from file:///D:/bbin/cocos/BIG_wings/assets/game/BigWings/script/components/Info.ts as cce:/internal/x/cc.
debug: Resolve ../lib/UtilsKit from file:///D:/bbin/cocos/BIG_wings/assets/game/BigWings/script/components/Info.ts as file:///D:/bbin/cocos/BIG_wings/assets/game/BigWings/script/lib/UtilsKit.ts.
debug: Resolve ../SoundController from file:///D:/bbin/cocos/BIG_wings/assets/game/BigWings/script/components/GameManager.ts as file:///D:/bbin/cocos/BIG_wings/assets/game/BigWings/script/SoundController.ts.
debug: Resolve cce:/internal/code-quality/cr.mjs from file:///D:/bbin/cocos/BIG_wings/assets/game/BigWings/script/SoundController.ts as cce:/internal/code-quality/cr.mjs.
debug: Resolve cc from file:///D:/bbin/cocos/BIG_wings/assets/game/BigWings/script/SoundController.ts as cce:/internal/x/cc.
debug: Resolve cc from file:///D:/bbin/cocos/BIG_wings/assets/game/BigWings/script/SoundController.ts as cce:/internal/x/cc.
debug: Resolve ./tools/InstanceBase from file:///D:/bbin/cocos/BIG_wings/assets/game/BigWings/script/SoundController.ts as file:///D:/bbin/cocos/BIG_wings/assets/game/BigWings/script/tools/InstanceBase.ts.
debug: Resolve ./tools/audio/AudioMgr from file:///D:/bbin/cocos/BIG_wings/assets/game/BigWings/script/SoundController.ts as file:///D:/bbin/cocos/BIG_wings/assets/game/BigWings/script/tools/audio/AudioMgr.ts.
debug: Resolve ./tools/audio/AudioUnit from file:///D:/bbin/cocos/BIG_wings/assets/game/BigWings/script/SoundController.ts as file:///D:/bbin/cocos/BIG_wings/assets/game/BigWings/script/tools/audio/AudioUnit.ts.
debug: Resolve cc from file:///D:/bbin/cocos/BIG_wings/assets/game/BigWings/script/SoundController.ts as cce:/internal/x/cc.
debug: Resolve ./WinAndMarquee from file:///D:/bbin/cocos/BIG_wings/assets/game/BigWings/script/components/GameManager.ts as file:///D:/bbin/cocos/BIG_wings/assets/game/BigWings/script/components/WinAndMarquee.ts.
debug: Resolve cce:/internal/code-quality/cr.mjs from file:///D:/bbin/cocos/BIG_wings/assets/game/BigWings/script/components/WinAndMarquee.ts as cce:/internal/code-quality/cr.mjs.
debug: Resolve cc from file:///D:/bbin/cocos/BIG_wings/assets/game/BigWings/script/components/WinAndMarquee.ts as cce:/internal/x/cc.
debug: Resolve cc from file:///D:/bbin/cocos/BIG_wings/assets/game/BigWings/script/components/WinAndMarquee.ts as cce:/internal/x/cc.
debug: Resolve cc from file:///D:/bbin/cocos/BIG_wings/assets/game/BigWings/script/components/WinAndMarquee.ts as cce:/internal/x/cc.
debug: Resolve ./scoreGridMarquee from file:///D:/bbin/cocos/BIG_wings/assets/game/BigWings/script/components/WinAndMarquee.ts as file:///D:/bbin/cocos/BIG_wings/assets/game/BigWings/script/components/scoreGridMarquee.ts.
debug: Resolve cc from file:///D:/bbin/cocos/BIG_wings/assets/game/BigWings/script/components/scoreGridMarquee.ts as cce:/internal/x/cc.
debug: Resolve cc from file:///D:/bbin/cocos/BIG_wings/assets/game/BigWings/script/components/scoreGridMarquee.ts as cce:/internal/x/cc.
debug: Resolve cc from file:///D:/bbin/cocos/BIG_wings/assets/game/BigWings/script/components/scoreGridMarquee.ts as cce:/internal/x/cc.
debug: Resolve ../wheel/Roller from file:///D:/bbin/cocos/BIG_wings/assets/game/BigWings/script/components/BigWingsView.ts as file:///D:/bbin/cocos/BIG_wings/assets/game/BigWings/script/wheel/Roller.ts.
debug: Resolve @casino-mono/mvc from file:///D:/bbin/cocos/BIG_wings/assets/game/BigWings/script/components/BigWingsView.ts as file:///D:/bbin/cocos/BIG_wings/assets/game/BigWings/script/framework/mvc/index.ts.
debug: Resolve ./BigWingsPresenter from file:///D:/bbin/cocos/BIG_wings/assets/game/BigWings/script/components/BigWingsView.ts as file:///D:/bbin/cocos/BIG_wings/assets/game/BigWings/script/components/BigWingsPresenter.ts.
debug: Resolve cce:/internal/code-quality/cr.mjs from file:///D:/bbin/cocos/BIG_wings/assets/game/BigWings/script/components/BigWingsPresenter.ts as cce:/internal/code-quality/cr.mjs.
debug: Resolve cc from file:///D:/bbin/cocos/BIG_wings/assets/game/BigWings/script/components/BigWingsPresenter.ts as cce:/internal/x/cc.
debug: Resolve cc from file:///D:/bbin/cocos/BIG_wings/assets/game/BigWings/script/components/BigWingsPresenter.ts as cce:/internal/x/cc.
debug: Resolve ../lib/BasePresenter from file:///D:/bbin/cocos/BIG_wings/assets/game/BigWings/script/components/BigWingsPresenter.ts as file:///D:/bbin/cocos/BIG_wings/assets/game/BigWings/script/lib/BasePresenter.ts.
debug: Resolve cc from file:///D:/bbin/cocos/BIG_wings/assets/game/BigWings/script/components/BigWingsPresenter.ts as cce:/internal/x/cc.
debug: Resolve ../lib/RecvMessage from file:///D:/bbin/cocos/BIG_wings/assets/game/BigWings/script/components/BigWingsPresenter.ts as file:///D:/bbin/cocos/BIG_wings/assets/game/BigWings/script/lib/RecvMessage.ts.
debug: Resolve ../lib/SendMessage from file:///D:/bbin/cocos/BIG_wings/assets/game/BigWings/script/components/BigWingsPresenter.ts as file:///D:/bbin/cocos/BIG_wings/assets/game/BigWings/script/lib/SendMessage.ts.
debug: Resolve file:///D:/bbin/cocos/BIG_wings/assets/game/BigWings/script/SoundController.ts from cce:/internal/x/prerequisite-imports as file:///D:/bbin/cocos/BIG_wings/assets/game/BigWings/script/SoundController.ts.
debug: Resolve file:///D:/bbin/cocos/BIG_wings/assets/game/BigWings/script/components/AlertPanel.ts from cce:/internal/x/prerequisite-imports as file:///D:/bbin/cocos/BIG_wings/assets/game/BigWings/script/components/AlertPanel.ts.
debug: Resolve file:///D:/bbin/cocos/BIG_wings/assets/game/BigWings/script/components/AutoSetPanel.ts from cce:/internal/x/prerequisite-imports as file:///D:/bbin/cocos/BIG_wings/assets/game/BigWings/script/components/AutoSetPanel.ts.
debug: Resolve cce:/internal/code-quality/cr.mjs from file:///D:/bbin/cocos/BIG_wings/assets/game/BigWings/script/components/AutoSetPanel.ts as cce:/internal/code-quality/cr.mjs.
debug: Resolve cc from file:///D:/bbin/cocos/BIG_wings/assets/game/BigWings/script/components/AutoSetPanel.ts as cce:/internal/x/cc.
debug: Resolve cc from file:///D:/bbin/cocos/BIG_wings/assets/game/BigWings/script/components/AutoSetPanel.ts as cce:/internal/x/cc.
debug: Resolve cc from file:///D:/bbin/cocos/BIG_wings/assets/game/BigWings/script/components/AutoSetPanel.ts as cce:/internal/x/cc.
debug: Resolve ./BaseAutoSet from file:///D:/bbin/cocos/BIG_wings/assets/game/BigWings/script/components/AutoSetPanel.ts as file:///D:/bbin/cocos/BIG_wings/assets/game/BigWings/script/components/BaseAutoSet.ts.
debug: Resolve file:///D:/bbin/cocos/BIG_wings/assets/game/BigWings/script/components/BaseAutoSet.ts from cce:/internal/x/prerequisite-imports as file:///D:/bbin/cocos/BIG_wings/assets/game/BigWings/script/components/BaseAutoSet.ts.
debug: Resolve file:///D:/bbin/cocos/BIG_wings/assets/game/BigWings/script/components/BetSetPanel.ts from cce:/internal/x/prerequisite-imports as file:///D:/bbin/cocos/BIG_wings/assets/game/BigWings/script/components/BetSetPanel.ts.
debug: Resolve file:///D:/bbin/cocos/BIG_wings/assets/game/BigWings/script/components/BigWin.ts from cce:/internal/x/prerequisite-imports as file:///D:/bbin/cocos/BIG_wings/assets/game/BigWings/script/components/BigWin.ts.
debug: Resolve cce:/internal/code-quality/cr.mjs from file:///D:/bbin/cocos/BIG_wings/assets/game/BigWings/script/components/BigWin.ts as cce:/internal/code-quality/cr.mjs.
debug: Resolve cc from file:///D:/bbin/cocos/BIG_wings/assets/game/BigWings/script/components/BigWin.ts as cce:/internal/x/cc.
debug: Resolve cc from file:///D:/bbin/cocos/BIG_wings/assets/game/BigWings/script/components/BigWin.ts as cce:/internal/x/cc.
debug: Resolve cc from file:///D:/bbin/cocos/BIG_wings/assets/game/BigWings/script/components/BigWin.ts as cce:/internal/x/cc.
debug: Resolve ../lib/UtilsKit from file:///D:/bbin/cocos/BIG_wings/assets/game/BigWings/script/components/BigWin.ts as file:///D:/bbin/cocos/BIG_wings/assets/game/BigWings/script/lib/UtilsKit.ts.
debug: Resolve file:///D:/bbin/cocos/BIG_wings/assets/game/BigWings/script/components/BigWingsCommand.ts from cce:/internal/x/prerequisite-imports as file:///D:/bbin/cocos/BIG_wings/assets/game/BigWings/script/components/BigWingsCommand.ts.
debug: Resolve cc from file:///D:/bbin/cocos/BIG_wings/assets/game/BigWings/script/components/BigWingsCommand.ts as cce:/internal/x/cc.
debug: Resolve cc from file:///D:/bbin/cocos/BIG_wings/assets/game/BigWings/script/components/BigWingsCommand.ts as cce:/internal/x/cc.
debug: Resolve cc from file:///D:/bbin/cocos/BIG_wings/assets/game/BigWings/script/components/BigWingsCommand.ts as cce:/internal/x/cc.
debug: Resolve file:///D:/bbin/cocos/BIG_wings/assets/game/BigWings/script/components/BigWingsPresenter.ts from cce:/internal/x/prerequisite-imports as file:///D:/bbin/cocos/BIG_wings/assets/game/BigWings/script/components/BigWingsPresenter.ts.
debug: Resolve file:///D:/bbin/cocos/BIG_wings/assets/game/BigWings/script/components/BigWingsView.ts from cce:/internal/x/prerequisite-imports as file:///D:/bbin/cocos/BIG_wings/assets/game/BigWings/script/components/BigWingsView.ts.
debug: Resolve file:///D:/bbin/cocos/BIG_wings/assets/game/BigWings/script/components/BuyFreeGamePanel.ts from cce:/internal/x/prerequisite-imports as file:///D:/bbin/cocos/BIG_wings/assets/game/BigWings/script/components/BuyFreeGamePanel.ts.
debug: Resolve file:///D:/bbin/cocos/BIG_wings/assets/game/BigWings/script/components/CalculationCupboard.ts from cce:/internal/x/prerequisite-imports as file:///D:/bbin/cocos/BIG_wings/assets/game/BigWings/script/components/CalculationCupboard.ts.
debug: Resolve cce:/internal/code-quality/cr.mjs from file:///D:/bbin/cocos/BIG_wings/assets/game/BigWings/script/components/CalculationCupboard.ts as cce:/internal/code-quality/cr.mjs.
debug: Resolve cc from file:///D:/bbin/cocos/BIG_wings/assets/game/BigWings/script/components/CalculationCupboard.ts as cce:/internal/x/cc.
debug: Resolve cc from file:///D:/bbin/cocos/BIG_wings/assets/game/BigWings/script/components/CalculationCupboard.ts as cce:/internal/x/cc.
debug: Resolve cc from file:///D:/bbin/cocos/BIG_wings/assets/game/BigWings/script/components/CalculationCupboard.ts as cce:/internal/x/cc.
debug: Resolve ../../../../techArt/game/mahjong/script/symbolSet_TA from file:///D:/bbin/cocos/BIG_wings/assets/game/BigWings/script/components/CalculationCupboard.ts as file:///D:/bbin/cocos/BIG_wings/assets/techArt/game/mahjong/script/symbolSet_TA.ts.
debug: Resolve cce:/internal/code-quality/cr.mjs from file:///D:/bbin/cocos/BIG_wings/assets/techArt/game/mahjong/script/symbolSet_TA.ts as cce:/internal/code-quality/cr.mjs.
debug: Resolve cc from file:///D:/bbin/cocos/BIG_wings/assets/techArt/game/mahjong/script/symbolSet_TA.ts as cce:/internal/x/cc.
debug: Resolve cc from file:///D:/bbin/cocos/BIG_wings/assets/techArt/game/mahjong/script/symbolSet_TA.ts as cce:/internal/x/cc.
debug: Resolve cc from file:///D:/bbin/cocos/BIG_wings/assets/techArt/game/mahjong/script/symbolSet_TA.ts as cce:/internal/x/cc.
debug: Resolve ./symbolResource_TA from file:///D:/bbin/cocos/BIG_wings/assets/techArt/game/mahjong/script/symbolSet_TA.ts as file:///D:/bbin/cocos/BIG_wings/assets/techArt/game/mahjong/script/symbolResource_TA.ts.
debug: Resolve ../tools/PrefabInstancePoolManager from file:///D:/bbin/cocos/BIG_wings/assets/game/BigWings/script/components/CalculationCupboard.ts as file:///D:/bbin/cocos/BIG_wings/assets/game/BigWings/script/tools/PrefabInstancePoolManager.ts.
debug: Resolve ../wheel/BigWingsSymbol from file:///D:/bbin/cocos/BIG_wings/assets/game/BigWings/script/components/CalculationCupboard.ts as file:///D:/bbin/cocos/BIG_wings/assets/game/BigWings/script/wheel/BigWingsSymbol.ts.
debug: Resolve ../lib/UtilsKit from file:///D:/bbin/cocos/BIG_wings/assets/game/BigWings/script/components/CalculationCupboard.ts as file:///D:/bbin/cocos/BIG_wings/assets/game/BigWings/script/lib/UtilsKit.ts.
debug: Resolve file:///D:/bbin/cocos/BIG_wings/assets/game/BigWings/script/components/ExchangePanel.ts from cce:/internal/x/prerequisite-imports as file:///D:/bbin/cocos/BIG_wings/assets/game/BigWings/script/components/ExchangePanel.ts.
debug: Resolve file:///D:/bbin/cocos/BIG_wings/assets/game/BigWings/script/components/GamblePanel.ts from cce:/internal/x/prerequisite-imports as file:///D:/bbin/cocos/BIG_wings/assets/game/BigWings/script/components/GamblePanel.ts.
debug: Resolve cce:/internal/code-quality/cr.mjs from file:///D:/bbin/cocos/BIG_wings/assets/game/BigWings/script/components/GamblePanel.ts as cce:/internal/code-quality/cr.mjs.
debug: Resolve cc from file:///D:/bbin/cocos/BIG_wings/assets/game/BigWings/script/components/GamblePanel.ts as cce:/internal/x/cc.
debug: Resolve cc from file:///D:/bbin/cocos/BIG_wings/assets/game/BigWings/script/components/GamblePanel.ts as cce:/internal/x/cc.
debug: Resolve cc from file:///D:/bbin/cocos/BIG_wings/assets/game/BigWings/script/components/GamblePanel.ts as cce:/internal/x/cc.
debug: Resolve ../lib/UtilsKit from file:///D:/bbin/cocos/BIG_wings/assets/game/BigWings/script/components/GamblePanel.ts as file:///D:/bbin/cocos/BIG_wings/assets/game/BigWings/script/lib/UtilsKit.ts.
debug: Resolve ./BigWingsCommand from file:///D:/bbin/cocos/BIG_wings/assets/game/BigWings/script/components/GamblePanel.ts as file:///D:/bbin/cocos/BIG_wings/assets/game/BigWings/script/components/BigWingsCommand.ts.
debug: Resolve file:///D:/bbin/cocos/BIG_wings/assets/game/BigWings/script/components/GameCommand.ts from cce:/internal/x/prerequisite-imports as file:///D:/bbin/cocos/BIG_wings/assets/game/BigWings/script/components/GameCommand.ts.
debug: Resolve file:///D:/bbin/cocos/BIG_wings/assets/game/BigWings/script/components/GameManager.ts from cce:/internal/x/prerequisite-imports as file:///D:/bbin/cocos/BIG_wings/assets/game/BigWings/script/components/GameManager.ts.
debug: Resolve file:///D:/bbin/cocos/BIG_wings/assets/game/BigWings/script/components/Info.ts from cce:/internal/x/prerequisite-imports as file:///D:/bbin/cocos/BIG_wings/assets/game/BigWings/script/components/Info.ts.
debug: Resolve file:///D:/bbin/cocos/BIG_wings/assets/game/BigWings/script/components/LineInfo.ts from cce:/internal/x/prerequisite-imports as file:///D:/bbin/cocos/BIG_wings/assets/game/BigWings/script/components/LineInfo.ts.
debug: Resolve cce:/internal/code-quality/cr.mjs from file:///D:/bbin/cocos/BIG_wings/assets/game/BigWings/script/components/LineInfo.ts as cce:/internal/code-quality/cr.mjs.
debug: Resolve cc from file:///D:/bbin/cocos/BIG_wings/assets/game/BigWings/script/components/LineInfo.ts as cce:/internal/x/cc.
debug: Resolve cc from file:///D:/bbin/cocos/BIG_wings/assets/game/BigWings/script/components/LineInfo.ts as cce:/internal/x/cc.
debug: Resolve cc from file:///D:/bbin/cocos/BIG_wings/assets/game/BigWings/script/components/LineInfo.ts as cce:/internal/x/cc.
debug: Resolve ./LineInfoSprite from file:///D:/bbin/cocos/BIG_wings/assets/game/BigWings/script/components/LineInfo.ts as file:///D:/bbin/cocos/BIG_wings/assets/game/BigWings/script/components/LineInfoSprite.ts.
debug: Resolve cc from file:///D:/bbin/cocos/BIG_wings/assets/game/BigWings/script/components/LineInfoSprite.ts as cce:/internal/x/cc.
debug: Resolve cc from file:///D:/bbin/cocos/BIG_wings/assets/game/BigWings/script/components/LineInfoSprite.ts as cce:/internal/x/cc.
debug: Resolve cc from file:///D:/bbin/cocos/BIG_wings/assets/game/BigWings/script/components/LineInfoSprite.ts as cce:/internal/x/cc.
debug: Resolve ../tools/PrefabInstancePoolManager from file:///D:/bbin/cocos/BIG_wings/assets/game/BigWings/script/components/LineInfo.ts as file:///D:/bbin/cocos/BIG_wings/assets/game/BigWings/script/tools/PrefabInstancePoolManager.ts.
debug: Resolve ../wheel/BigWingsSymbol from file:///D:/bbin/cocos/BIG_wings/assets/game/BigWings/script/components/LineInfo.ts as file:///D:/bbin/cocos/BIG_wings/assets/game/BigWings/script/wheel/BigWingsSymbol.ts.
debug: Resolve file:///D:/bbin/cocos/BIG_wings/assets/game/BigWings/script/components/LineInfoSprite.ts from cce:/internal/x/prerequisite-imports as file:///D:/bbin/cocos/BIG_wings/assets/game/BigWings/script/components/LineInfoSprite.ts.
debug: Resolve file:///D:/bbin/cocos/BIG_wings/assets/game/BigWings/script/components/MainGame.ts from cce:/internal/x/prerequisite-imports as file:///D:/bbin/cocos/BIG_wings/assets/game/BigWings/script/components/MainGame.ts.
debug: Resolve file:///D:/bbin/cocos/BIG_wings/assets/game/BigWings/script/components/SettingsPanel.ts from cce:/internal/x/prerequisite-imports as file:///D:/bbin/cocos/BIG_wings/assets/game/BigWings/script/components/SettingsPanel.ts.
debug: Resolve cce:/internal/code-quality/cr.mjs from file:///D:/bbin/cocos/BIG_wings/assets/game/BigWings/script/components/SettingsPanel.ts as cce:/internal/code-quality/cr.mjs.
debug: Resolve cc from file:///D:/bbin/cocos/BIG_wings/assets/game/BigWings/script/components/SettingsPanel.ts as cce:/internal/x/cc.
debug: Resolve cc from file:///D:/bbin/cocos/BIG_wings/assets/game/BigWings/script/components/SettingsPanel.ts as cce:/internal/x/cc.
debug: Resolve cc from file:///D:/bbin/cocos/BIG_wings/assets/game/BigWings/script/components/SettingsPanel.ts as cce:/internal/x/cc.
debug: Resolve ./AlertPanel from file:///D:/bbin/cocos/BIG_wings/assets/game/BigWings/script/components/SettingsPanel.ts as file:///D:/bbin/cocos/BIG_wings/assets/game/BigWings/script/components/AlertPanel.ts.
debug: Resolve file:///D:/bbin/cocos/BIG_wings/assets/game/BigWings/script/components/TextureLineGraphics/script/TextureLineGraphics.ts from cce:/internal/x/prerequisite-imports as file:///D:/bbin/cocos/BIG_wings/assets/game/BigWings/script/components/TextureLineGraphics/script/TextureLineGraphics.ts.
debug: Resolve file:///D:/bbin/cocos/BIG_wings/assets/game/BigWings/script/components/TextureLineGraphics/script/earcut.ts from cce:/internal/x/prerequisite-imports as file:///D:/bbin/cocos/BIG_wings/assets/game/BigWings/script/components/TextureLineGraphics/script/earcut.ts.
debug: Resolve file:///D:/bbin/cocos/BIG_wings/assets/game/BigWings/script/components/WinAndMarquee.ts from cce:/internal/x/prerequisite-imports as file:///D:/bbin/cocos/BIG_wings/assets/game/BigWings/script/components/WinAndMarquee.ts.
debug: Resolve file:///D:/bbin/cocos/BIG_wings/assets/game/BigWings/script/components/scoreGridMarquee.ts from cce:/internal/x/prerequisite-imports as file:///D:/bbin/cocos/BIG_wings/assets/game/BigWings/script/components/scoreGridMarquee.ts.
debug: Resolve file:///D:/bbin/cocos/BIG_wings/assets/game/BigWings/script/framework/mvc/index.ts from cce:/internal/x/prerequisite-imports as file:///D:/bbin/cocos/BIG_wings/assets/game/BigWings/script/framework/mvc/index.ts.
debug: Resolve file:///D:/bbin/cocos/BIG_wings/assets/game/BigWings/script/framework/mvc/src/connection/connector/Connector.ts from cce:/internal/x/prerequisite-imports as file:///D:/bbin/cocos/BIG_wings/assets/game/BigWings/script/framework/mvc/src/connection/connector/Connector.ts.
debug: Resolve file:///D:/bbin/cocos/BIG_wings/assets/game/BigWings/script/framework/mvc/src/connection/connector/data/Receive/Error.ts from cce:/internal/x/prerequisite-imports as file:///D:/bbin/cocos/BIG_wings/assets/game/BigWings/script/framework/mvc/src/connection/connector/data/Receive/Error.ts.
debug: Resolve file:///D:/bbin/cocos/BIG_wings/assets/game/BigWings/script/framework/mvc/src/connection/connector/data/Receive/index.ts from cce:/internal/x/prerequisite-imports as file:///D:/bbin/cocos/BIG_wings/assets/game/BigWings/script/framework/mvc/src/connection/connector/data/Receive/index.ts.
debug: Resolve file:///D:/bbin/cocos/BIG_wings/assets/game/BigWings/script/framework/mvc/src/connection/connector/data/Receive/onBalanceExchange.ts from cce:/internal/x/prerequisite-imports as file:///D:/bbin/cocos/BIG_wings/assets/game/BigWings/script/framework/mvc/src/connection/connector/data/Receive/onBalanceExchange.ts.
debug: Resolve file:///D:/bbin/cocos/BIG_wings/assets/game/BigWings/script/framework/mvc/src/connection/connector/data/Receive/onBeginGame.ts from cce:/internal/x/prerequisite-imports as file:///D:/bbin/cocos/BIG_wings/assets/game/BigWings/script/framework/mvc/src/connection/connector/data/Receive/onBeginGame.ts.
debug: Resolve file:///D:/bbin/cocos/BIG_wings/assets/game/BigWings/script/framework/mvc/src/connection/connector/data/Receive/onCreditExchange.ts from cce:/internal/x/prerequisite-imports as file:///D:/bbin/cocos/BIG_wings/assets/game/BigWings/script/framework/mvc/src/connection/connector/data/Receive/onCreditExchange.ts.
debug: Resolve file:///D:/bbin/cocos/BIG_wings/assets/game/BigWings/script/framework/mvc/src/connection/connector/data/Receive/onGetMachineDetail.ts from cce:/internal/x/prerequisite-imports as file:///D:/bbin/cocos/BIG_wings/assets/game/BigWings/script/framework/mvc/src/connection/connector/data/Receive/onGetMachineDetail.ts.
debug: Resolve file:///D:/bbin/cocos/BIG_wings/assets/game/BigWings/script/framework/mvc/src/connection/connector/data/Receive/onHitJackpot.ts from cce:/internal/x/prerequisite-imports as file:///D:/bbin/cocos/BIG_wings/assets/game/BigWings/script/framework/mvc/src/connection/connector/data/Receive/onHitJackpot.ts.
debug: Resolve file:///D:/bbin/cocos/BIG_wings/assets/game/BigWings/script/framework/mvc/src/connection/connector/data/Receive/onLogin.ts from cce:/internal/x/prerequisite-imports as file:///D:/bbin/cocos/BIG_wings/assets/game/BigWings/script/framework/mvc/src/connection/connector/data/Receive/onLogin.ts.
debug: Resolve file:///D:/bbin/cocos/BIG_wings/assets/game/BigWings/script/framework/mvc/src/connection/connector/data/Receive/onOnLoadInfo2.ts from cce:/internal/x/prerequisite-imports as file:///D:/bbin/cocos/BIG_wings/assets/game/BigWings/script/framework/mvc/src/connection/connector/data/Receive/onOnLoadInfo2.ts.
debug: Resolve file:///D:/bbin/cocos/BIG_wings/assets/game/BigWings/script/framework/mvc/src/connection/connector/data/Receive/onTakeMachine.ts from cce:/internal/x/prerequisite-imports as file:///D:/bbin/cocos/BIG_wings/assets/game/BigWings/script/framework/mvc/src/connection/connector/data/Receive/onTakeMachine.ts.
debug: Resolve file:///D:/bbin/cocos/BIG_wings/assets/game/BigWings/script/framework/mvc/src/connection/connector/data/Receive/updateJP.ts from cce:/internal/x/prerequisite-imports as file:///D:/bbin/cocos/BIG_wings/assets/game/BigWings/script/framework/mvc/src/connection/connector/data/Receive/updateJP.ts.
debug: Resolve file:///D:/bbin/cocos/BIG_wings/assets/game/BigWings/script/framework/mvc/src/connection/connector/data/Send/creditExchange.ts from cce:/internal/x/prerequisite-imports as file:///D:/bbin/cocos/BIG_wings/assets/game/BigWings/script/framework/mvc/src/connection/connector/data/Send/creditExchange.ts.
debug: Resolve cc from file:///D:/bbin/cocos/BIG_wings/assets/game/BigWings/script/framework/mvc/src/connection/connector/data/Send/creditExchange.ts as cce:/internal/x/cc.
debug: Resolve file:///D:/bbin/cocos/BIG_wings/assets/game/BigWings/script/framework/mvc/src/connection/connector/data/Send/loginBySid.ts from cce:/internal/x/prerequisite-imports as file:///D:/bbin/cocos/BIG_wings/assets/game/BigWings/script/framework/mvc/src/connection/connector/data/Send/loginBySid.ts.
debug: Resolve cc from file:///D:/bbin/cocos/BIG_wings/assets/game/BigWings/script/framework/mvc/src/connection/connector/data/Send/loginBySid.ts as cce:/internal/x/cc.
debug: Resolve file:///D:/bbin/cocos/BIG_wings/assets/game/BigWings/script/framework/mvc/src/connection/connector/receive/Receive.ts from cce:/internal/x/prerequisite-imports as file:///D:/bbin/cocos/BIG_wings/assets/game/BigWings/script/framework/mvc/src/connection/connector/receive/Receive.ts.
debug: Resolve file:///D:/bbin/cocos/BIG_wings/assets/game/BigWings/script/framework/mvc/src/connection/connector/receive/SeverAction.ts from cce:/internal/x/prerequisite-imports as file:///D:/bbin/cocos/BIG_wings/assets/game/BigWings/script/framework/mvc/src/connection/connector/receive/SeverAction.ts.
debug: Resolve file:///D:/bbin/cocos/BIG_wings/assets/game/BigWings/script/framework/mvc/src/connection/connector/send/ClientAction.ts from cce:/internal/x/prerequisite-imports as file:///D:/bbin/cocos/BIG_wings/assets/game/BigWings/script/framework/mvc/src/connection/connector/send/ClientAction.ts.
debug: Resolve file:///D:/bbin/cocos/BIG_wings/assets/game/BigWings/script/framework/mvc/src/connection/connector/send/Send.ts from cce:/internal/x/prerequisite-imports as file:///D:/bbin/cocos/BIG_wings/assets/game/BigWings/script/framework/mvc/src/connection/connector/send/Send.ts.
debug: Resolve file:///D:/bbin/cocos/BIG_wings/assets/game/BigWings/script/framework/mvc/src/connection/ws/WebSocketCore.ts from cce:/internal/x/prerequisite-imports as file:///D:/bbin/cocos/BIG_wings/assets/game/BigWings/script/framework/mvc/src/connection/ws/WebSocketCore.ts.
debug: Resolve file:///D:/bbin/cocos/BIG_wings/assets/game/BigWings/script/framework/mvc/src/connection/ws/deserializer.ts from cce:/internal/x/prerequisite-imports as file:///D:/bbin/cocos/BIG_wings/assets/game/BigWings/script/framework/mvc/src/connection/ws/deserializer.ts.
debug: Resolve file:///D:/bbin/cocos/BIG_wings/assets/game/BigWings/script/framework/mvc/src/connection/ws/serializer.ts from cce:/internal/x/prerequisite-imports as file:///D:/bbin/cocos/BIG_wings/assets/game/BigWings/script/framework/mvc/src/connection/ws/serializer.ts.
debug: Resolve file:///D:/bbin/cocos/BIG_wings/assets/game/BigWings/script/framework/mvc/src/interface/Alert.ts from cce:/internal/x/prerequisite-imports as file:///D:/bbin/cocos/BIG_wings/assets/game/BigWings/script/framework/mvc/src/interface/Alert.ts.
debug: Resolve file:///D:/bbin/cocos/BIG_wings/assets/game/BigWings/script/framework/mvc/src/interface/Command.ts from cce:/internal/x/prerequisite-imports as file:///D:/bbin/cocos/BIG_wings/assets/game/BigWings/script/framework/mvc/src/interface/Command.ts.
debug: Resolve file:///D:/bbin/cocos/BIG_wings/assets/game/BigWings/script/framework/mvc/src/interface/Costume.ts from cce:/internal/x/prerequisite-imports as file:///D:/bbin/cocos/BIG_wings/assets/game/BigWings/script/framework/mvc/src/interface/Costume.ts.
debug: Resolve file:///D:/bbin/cocos/BIG_wings/assets/game/BigWings/script/framework/mvc/src/interface/Exchange.ts from cce:/internal/x/prerequisite-imports as file:///D:/bbin/cocos/BIG_wings/assets/game/BigWings/script/framework/mvc/src/interface/Exchange.ts.
debug: Resolve file:///D:/bbin/cocos/BIG_wings/assets/game/BigWings/script/framework/mvc/src/interface/Toolbar.ts from cce:/internal/x/prerequisite-imports as file:///D:/bbin/cocos/BIG_wings/assets/game/BigWings/script/framework/mvc/src/interface/Toolbar.ts.
debug: Resolve file:///D:/bbin/cocos/BIG_wings/assets/game/BigWings/script/framework/mvc/src/interface/index.ts from cce:/internal/x/prerequisite-imports as file:///D:/bbin/cocos/BIG_wings/assets/game/BigWings/script/framework/mvc/src/interface/index.ts.
debug: Resolve file:///D:/bbin/cocos/BIG_wings/assets/game/BigWings/script/framework/mvc/src/mvc/controller/Controller.ts from cce:/internal/x/prerequisite-imports as file:///D:/bbin/cocos/BIG_wings/assets/game/BigWings/script/framework/mvc/src/mvc/controller/Controller.ts.
debug: Resolve file:///D:/bbin/cocos/BIG_wings/assets/game/BigWings/script/framework/mvc/src/mvc/model/DataModel.ts from cce:/internal/x/prerequisite-imports as file:///D:/bbin/cocos/BIG_wings/assets/game/BigWings/script/framework/mvc/src/mvc/model/DataModel.ts.
debug: Resolve file:///D:/bbin/cocos/BIG_wings/assets/game/BigWings/script/framework/mvc/src/mvc/model/Model.ts from cce:/internal/x/prerequisite-imports as file:///D:/bbin/cocos/BIG_wings/assets/game/BigWings/script/framework/mvc/src/mvc/model/Model.ts.
debug: Resolve file:///D:/bbin/cocos/BIG_wings/assets/game/BigWings/script/framework/mvc/src/mvc/view/View.ts from cce:/internal/x/prerequisite-imports as file:///D:/bbin/cocos/BIG_wings/assets/game/BigWings/script/framework/mvc/src/mvc/view/View.ts.
debug: Resolve file:///D:/bbin/cocos/BIG_wings/assets/game/BigWings/script/framework/mvc/src/utils/DataEvent.ts from cce:/internal/x/prerequisite-imports as file:///D:/bbin/cocos/BIG_wings/assets/game/BigWings/script/framework/mvc/src/utils/DataEvent.ts.
debug: Resolve cc from file:///D:/bbin/cocos/BIG_wings/assets/game/BigWings/script/framework/mvc/src/utils/DataEvent.ts as cce:/internal/x/cc.
debug: Resolve file:///D:/bbin/cocos/BIG_wings/assets/game/BigWings/script/framework/share-tools/index.ts from cce:/internal/x/prerequisite-imports as file:///D:/bbin/cocos/BIG_wings/assets/game/BigWings/script/framework/share-tools/index.ts.
debug: Resolve file:///D:/bbin/cocos/BIG_wings/assets/game/BigWings/script/framework/share-tools/src/analysis/PlayerLoaderInfo.ts from cce:/internal/x/prerequisite-imports as file:///D:/bbin/cocos/BIG_wings/assets/game/BigWings/script/framework/share-tools/src/analysis/PlayerLoaderInfo.ts.
debug: Resolve cce:/internal/code-quality/cr.mjs from file:///D:/bbin/cocos/BIG_wings/assets/game/BigWings/script/framework/share-tools/src/analysis/PlayerLoaderInfo.ts as cce:/internal/code-quality/cr.mjs.
debug: Resolve cc from file:///D:/bbin/cocos/BIG_wings/assets/game/BigWings/script/framework/share-tools/src/analysis/PlayerLoaderInfo.ts as cce:/internal/x/cc.
debug: Resolve ../environment/device/Device from file:///D:/bbin/cocos/BIG_wings/assets/game/BigWings/script/framework/share-tools/src/analysis/PlayerLoaderInfo.ts as file:///D:/bbin/cocos/BIG_wings/assets/game/BigWings/script/framework/share-tools/src/environment/device/Device.ts.
debug: Resolve ../environment/url/URLParameter from file:///D:/bbin/cocos/BIG_wings/assets/game/BigWings/script/framework/share-tools/src/analysis/PlayerLoaderInfo.ts as file:///D:/bbin/cocos/BIG_wings/assets/game/BigWings/script/framework/share-tools/src/environment/url/URLParameter.ts.
debug: Resolve file:///D:/bbin/cocos/BIG_wings/assets/game/BigWings/script/framework/share-tools/src/environment/Cookie.ts from cce:/internal/x/prerequisite-imports as file:///D:/bbin/cocos/BIG_wings/assets/game/BigWings/script/framework/share-tools/src/environment/Cookie.ts.
debug: Resolve file:///D:/bbin/cocos/BIG_wings/assets/game/BigWings/script/framework/share-tools/src/environment/device/AIOBridge.ts from cce:/internal/x/prerequisite-imports as file:///D:/bbin/cocos/BIG_wings/assets/game/BigWings/script/framework/share-tools/src/environment/device/AIOBridge.ts.
debug: Resolve file:///D:/bbin/cocos/BIG_wings/assets/game/BigWings/script/framework/share-tools/src/environment/device/Device.ts from cce:/internal/x/prerequisite-imports as file:///D:/bbin/cocos/BIG_wings/assets/game/BigWings/script/framework/share-tools/src/environment/device/Device.ts.
debug: Resolve file:///D:/bbin/cocos/BIG_wings/assets/game/BigWings/script/framework/share-tools/src/environment/device/FullScreen.ts from cce:/internal/x/prerequisite-imports as file:///D:/bbin/cocos/BIG_wings/assets/game/BigWings/script/framework/share-tools/src/environment/device/FullScreen.ts.
debug: Resolve file:///D:/bbin/cocos/BIG_wings/assets/game/BigWings/script/framework/share-tools/src/environment/device/Orientation.ts from cce:/internal/x/prerequisite-imports as file:///D:/bbin/cocos/BIG_wings/assets/game/BigWings/script/framework/share-tools/src/environment/device/Orientation.ts.
debug: Resolve file:///D:/bbin/cocos/BIG_wings/assets/game/BigWings/script/framework/share-tools/src/environment/device/UBBrowserChecker.ts from cce:/internal/x/prerequisite-imports as file:///D:/bbin/cocos/BIG_wings/assets/game/BigWings/script/framework/share-tools/src/environment/device/UBBrowserChecker.ts.
debug: Resolve file:///D:/bbin/cocos/BIG_wings/assets/game/BigWings/script/framework/share-tools/src/environment/lang/Dict.ts from cce:/internal/x/prerequisite-imports as file:///D:/bbin/cocos/BIG_wings/assets/game/BigWings/script/framework/share-tools/src/environment/lang/Dict.ts.
debug: Resolve file:///D:/bbin/cocos/BIG_wings/assets/game/BigWings/script/framework/share-tools/src/environment/lang/GameSupportLang.ts from cce:/internal/x/prerequisite-imports as file:///D:/bbin/cocos/BIG_wings/assets/game/BigWings/script/framework/share-tools/src/environment/lang/GameSupportLang.ts.
debug: Resolve file:///D:/bbin/cocos/BIG_wings/assets/game/BigWings/script/framework/share-tools/src/environment/url/CDN.ts from cce:/internal/x/prerequisite-imports as file:///D:/bbin/cocos/BIG_wings/assets/game/BigWings/script/framework/share-tools/src/environment/url/CDN.ts.
debug: Resolve file:///D:/bbin/cocos/BIG_wings/assets/game/BigWings/script/framework/share-tools/src/environment/url/LoadingPicUrl.ts from cce:/internal/x/prerequisite-imports as file:///D:/bbin/cocos/BIG_wings/assets/game/BigWings/script/framework/share-tools/src/environment/url/LoadingPicUrl.ts.
debug: Resolve cce:/internal/code-quality/cr.mjs from file:///D:/bbin/cocos/BIG_wings/assets/game/BigWings/script/framework/share-tools/src/environment/url/LoadingPicUrl.ts as cce:/internal/code-quality/cr.mjs.
debug: Resolve cc from file:///D:/bbin/cocos/BIG_wings/assets/game/BigWings/script/framework/share-tools/src/environment/url/LoadingPicUrl.ts as cce:/internal/x/cc.
debug: Resolve ../device/Orientation from file:///D:/bbin/cocos/BIG_wings/assets/game/BigWings/script/framework/share-tools/src/environment/url/LoadingPicUrl.ts as file:///D:/bbin/cocos/BIG_wings/assets/game/BigWings/script/framework/share-tools/src/environment/device/Orientation.ts.
debug: Resolve ./URLParameter from file:///D:/bbin/cocos/BIG_wings/assets/game/BigWings/script/framework/share-tools/src/environment/url/LoadingPicUrl.ts as file:///D:/bbin/cocos/BIG_wings/assets/game/BigWings/script/framework/share-tools/src/environment/url/URLParameter.ts.
debug: Resolve file:///D:/bbin/cocos/BIG_wings/assets/game/BigWings/script/framework/share-tools/src/environment/url/PHPProiveHeaders.ts from cce:/internal/x/prerequisite-imports as file:///D:/bbin/cocos/BIG_wings/assets/game/BigWings/script/framework/share-tools/src/environment/url/PHPProiveHeaders.ts.
debug: Resolve file:///D:/bbin/cocos/BIG_wings/assets/game/BigWings/script/framework/share-tools/src/environment/url/URLJoin.ts from cce:/internal/x/prerequisite-imports as file:///D:/bbin/cocos/BIG_wings/assets/game/BigWings/script/framework/share-tools/src/environment/url/URLJoin.ts.
debug: Resolve file:///D:/bbin/cocos/BIG_wings/assets/game/BigWings/script/framework/share-tools/src/environment/url/URLParameter.ts from cce:/internal/x/prerequisite-imports as file:///D:/bbin/cocos/BIG_wings/assets/game/BigWings/script/framework/share-tools/src/environment/url/URLParameter.ts.
debug: Resolve file:///D:/bbin/cocos/BIG_wings/assets/game/BigWings/script/framework/share-tools/src/environment/url/isURL.ts from cce:/internal/x/prerequisite-imports as file:///D:/bbin/cocos/BIG_wings/assets/game/BigWings/script/framework/share-tools/src/environment/url/isURL.ts.
debug: Resolve cc from file:///D:/bbin/cocos/BIG_wings/assets/game/BigWings/script/framework/share-tools/src/environment/url/isURL.ts as cce:/internal/x/cc.
debug: Resolve file:///D:/bbin/cocos/BIG_wings/assets/game/BigWings/script/framework/share-tools/src/idb/IndexedDBManager.ts from cce:/internal/x/prerequisite-imports as file:///D:/bbin/cocos/BIG_wings/assets/game/BigWings/script/framework/share-tools/src/idb/IndexedDBManager.ts.
debug: Resolve cc from file:///D:/bbin/cocos/BIG_wings/assets/game/BigWings/script/framework/share-tools/src/idb/IndexedDBManager.ts as cce:/internal/x/cc.
debug: Create cjs interop url for 'file:///D:/bbin/cocos/BIG_wings/node_modules/localforage/dist/localforage.js'
debug: Resolve localforage from file:///D:/bbin/cocos/BIG_wings/assets/game/BigWings/script/framework/share-tools/src/idb/IndexedDBManager.ts as file:///D:/bbin/cocos/BIG_wings/node_modules/localforage/dist/localforage.mjs?cjs=&original=.js.
debug: Resolve ./localforage.js from file:///D:/bbin/cocos/BIG_wings/node_modules/localforage/dist/localforage.mjs?cjs=&original=.js as file:///D:/bbin/cocos/BIG_wings/node_modules/localforage/dist/localforage.js.
debug: Resolve cce:/internal/ml/cjs-loader.mjs from file:///D:/bbin/cocos/BIG_wings/node_modules/localforage/dist/localforage.js as cce:/internal/ml/cjs-loader.mjs.
debug: Resolve cce:/internal/ml/cjs-loader.mjs from file:///D:/bbin/cocos/BIG_wings/node_modules/localforage/dist/localforage.mjs?cjs=&original=.js as cce:/internal/ml/cjs-loader.mjs.
debug: Resolve ./localforage.js from file:///D:/bbin/cocos/BIG_wings/node_modules/localforage/dist/localforage.mjs?cjs=&original=.js as file:///D:/bbin/cocos/BIG_wings/node_modules/localforage/dist/localforage.js.
debug: Resolve ./localforage.js from file:///D:/bbin/cocos/BIG_wings/node_modules/localforage/dist/localforage.mjs?cjs=&original=.js as file:///D:/bbin/cocos/BIG_wings/node_modules/localforage/dist/localforage.js.
debug: Resolve file:///D:/bbin/cocos/BIG_wings/assets/game/BigWings/script/framework/share-tools/src/page-lifecycle/PageLifecycle.ts from cce:/internal/x/prerequisite-imports as file:///D:/bbin/cocos/BIG_wings/assets/game/BigWings/script/framework/share-tools/src/page-lifecycle/PageLifecycle.ts.
debug: Resolve cce:/internal/code-quality/cr.mjs from file:///D:/bbin/cocos/BIG_wings/assets/game/BigWings/script/framework/share-tools/src/page-lifecycle/PageLifecycle.ts as cce:/internal/code-quality/cr.mjs.
debug: Resolve cc from file:///D:/bbin/cocos/BIG_wings/assets/game/BigWings/script/framework/share-tools/src/page-lifecycle/PageLifecycle.ts as cce:/internal/x/cc.
debug: Resolve strict-event-emitter from file:///D:/bbin/cocos/BIG_wings/assets/game/BigWings/script/framework/share-tools/src/page-lifecycle/PageLifecycle.ts as file:///D:/bbin/cocos/BIG_wings/node_modules/strict-event-emitter/lib/index.mjs.
debug: Resolve file:///D:/bbin/cocos/BIG_wings/assets/game/BigWings/script/include.ts from cce:/internal/x/prerequisite-imports as file:///D:/bbin/cocos/BIG_wings/assets/game/BigWings/script/include.ts.
debug: Resolve cce:/internal/code-quality/cr.mjs from file:///D:/bbin/cocos/BIG_wings/assets/game/BigWings/script/include.ts as cce:/internal/code-quality/cr.mjs.
debug: Resolve cc from file:///D:/bbin/cocos/BIG_wings/assets/game/BigWings/script/include.ts as cce:/internal/x/cc.
debug: Resolve ./framework/mvc from file:///D:/bbin/cocos/BIG_wings/assets/game/BigWings/script/include.ts as file:///D:/bbin/cocos/BIG_wings/assets/game/BigWings/script/framework/mvc/index.ts.
debug: Resolve ./framework/share-tools from file:///D:/bbin/cocos/BIG_wings/assets/game/BigWings/script/include.ts as file:///D:/bbin/cocos/BIG_wings/assets/game/BigWings/script/framework/share-tools/index.ts.
debug: Resolve file:///D:/bbin/cocos/BIG_wings/assets/game/BigWings/script/index.ts from cce:/internal/x/prerequisite-imports as file:///D:/bbin/cocos/BIG_wings/assets/game/BigWings/script/index.ts.
debug: Resolve cce:/internal/code-quality/cr.mjs from file:///D:/bbin/cocos/BIG_wings/assets/game/BigWings/script/index.ts as cce:/internal/code-quality/cr.mjs.
debug: Resolve cc from file:///D:/bbin/cocos/BIG_wings/assets/game/BigWings/script/index.ts as cce:/internal/x/cc.
debug: Resolve ./lib/BaseModel from file:///D:/bbin/cocos/BIG_wings/assets/game/BigWings/script/index.ts as file:///D:/bbin/cocos/BIG_wings/assets/game/BigWings/script/lib/BaseModel.ts.
debug: Resolve ./lib/BasePresenter from file:///D:/bbin/cocos/BIG_wings/assets/game/BigWings/script/index.ts as file:///D:/bbin/cocos/BIG_wings/assets/game/BigWings/script/lib/BasePresenter.ts.
debug: Resolve ./lib/BaseView from file:///D:/bbin/cocos/BIG_wings/assets/game/BigWings/script/index.ts as file:///D:/bbin/cocos/BIG_wings/assets/game/BigWings/script/lib/BaseView.ts.
debug: Resolve file:///D:/bbin/cocos/BIG_wings/assets/game/BigWings/script/lib/BaseDataModel.ts from cce:/internal/x/prerequisite-imports as file:///D:/bbin/cocos/BIG_wings/assets/game/BigWings/script/lib/BaseDataModel.ts.
debug: Resolve file:///D:/bbin/cocos/BIG_wings/assets/game/BigWings/script/lib/BaseGame.ts from cce:/internal/x/prerequisite-imports as file:///D:/bbin/cocos/BIG_wings/assets/game/BigWings/script/lib/BaseGame.ts.
debug: Resolve cc from file:///D:/bbin/cocos/BIG_wings/assets/game/BigWings/script/lib/BaseGame.ts as cce:/internal/x/cc.
debug: Resolve file:///D:/bbin/cocos/BIG_wings/assets/game/BigWings/script/lib/BaseModel.ts from cce:/internal/x/prerequisite-imports as file:///D:/bbin/cocos/BIG_wings/assets/game/BigWings/script/lib/BaseModel.ts.
debug: Resolve file:///D:/bbin/cocos/BIG_wings/assets/game/BigWings/script/lib/BasePresenter.ts from cce:/internal/x/prerequisite-imports as file:///D:/bbin/cocos/BIG_wings/assets/game/BigWings/script/lib/BasePresenter.ts.
debug: Resolve file:///D:/bbin/cocos/BIG_wings/assets/game/BigWings/script/lib/BaseView.ts from cce:/internal/x/prerequisite-imports as file:///D:/bbin/cocos/BIG_wings/assets/game/BigWings/script/lib/BaseView.ts.
debug: Resolve file:///D:/bbin/cocos/BIG_wings/assets/game/BigWings/script/lib/RecvMessage.ts from cce:/internal/x/prerequisite-imports as file:///D:/bbin/cocos/BIG_wings/assets/game/BigWings/script/lib/RecvMessage.ts.
debug: Resolve file:///D:/bbin/cocos/BIG_wings/assets/game/BigWings/script/lib/SendMessage.ts from cce:/internal/x/prerequisite-imports as file:///D:/bbin/cocos/BIG_wings/assets/game/BigWings/script/lib/SendMessage.ts.
debug: Resolve file:///D:/bbin/cocos/BIG_wings/assets/game/BigWings/script/lib/UtilsKit.ts from cce:/internal/x/prerequisite-imports as file:///D:/bbin/cocos/BIG_wings/assets/game/BigWings/script/lib/UtilsKit.ts.
debug: Resolve file:///D:/bbin/cocos/BIG_wings/assets/game/BigWings/script/mock/MockData.ts from cce:/internal/x/prerequisite-imports as file:///D:/bbin/cocos/BIG_wings/assets/game/BigWings/script/mock/MockData.ts.
debug: Resolve file:///D:/bbin/cocos/BIG_wings/assets/game/BigWings/script/tools/ElementPoolManager.ts from cce:/internal/x/prerequisite-imports as file:///D:/bbin/cocos/BIG_wings/assets/game/BigWings/script/tools/ElementPoolManager.ts.
debug: Resolve cc from file:///D:/bbin/cocos/BIG_wings/assets/game/BigWings/script/tools/ElementPoolManager.ts as cce:/internal/x/cc.
debug: Resolve file:///D:/bbin/cocos/BIG_wings/assets/game/BigWings/script/tools/InstanceBase.ts from cce:/internal/x/prerequisite-imports as file:///D:/bbin/cocos/BIG_wings/assets/game/BigWings/script/tools/InstanceBase.ts.
debug: Resolve file:///D:/bbin/cocos/BIG_wings/assets/game/BigWings/script/tools/ObjectPool.ts from cce:/internal/x/prerequisite-imports as file:///D:/bbin/cocos/BIG_wings/assets/game/BigWings/script/tools/ObjectPool.ts.
debug: Resolve file:///D:/bbin/cocos/BIG_wings/assets/game/BigWings/script/tools/PrefabInstancePoolManager.ts from cce:/internal/x/prerequisite-imports as file:///D:/bbin/cocos/BIG_wings/assets/game/BigWings/script/tools/PrefabInstancePoolManager.ts.
debug: Resolve file:///D:/bbin/cocos/BIG_wings/assets/game/BigWings/script/tools/Resize.ts from cce:/internal/x/prerequisite-imports as file:///D:/bbin/cocos/BIG_wings/assets/game/BigWings/script/tools/Resize.ts.
debug: Resolve file:///D:/bbin/cocos/BIG_wings/assets/game/BigWings/script/tools/audio/AudioMgr.ts from cce:/internal/x/prerequisite-imports as file:///D:/bbin/cocos/BIG_wings/assets/game/BigWings/script/tools/audio/AudioMgr.ts.
debug: Resolve file:///D:/bbin/cocos/BIG_wings/assets/game/BigWings/script/tools/audio/AudioUnit.ts from cce:/internal/x/prerequisite-imports as file:///D:/bbin/cocos/BIG_wings/assets/game/BigWings/script/tools/audio/AudioUnit.ts.
debug: Resolve file:///D:/bbin/cocos/BIG_wings/assets/game/BigWings/script/tools/audio/IPlayConfig.ts from cce:/internal/x/prerequisite-imports as file:///D:/bbin/cocos/BIG_wings/assets/game/BigWings/script/tools/audio/IPlayConfig.ts.
debug: Resolve cc from file:///D:/bbin/cocos/BIG_wings/assets/game/BigWings/script/tools/audio/IPlayConfig.ts as cce:/internal/x/cc.
debug: Resolve file:///D:/bbin/cocos/BIG_wings/assets/game/BigWings/script/wheel/BigWingsRoller.ts from cce:/internal/x/prerequisite-imports as file:///D:/bbin/cocos/BIG_wings/assets/game/BigWings/script/wheel/BigWingsRoller.ts.
debug: Resolve file:///D:/bbin/cocos/BIG_wings/assets/game/BigWings/script/wheel/BigWingsSymbol.ts from cce:/internal/x/prerequisite-imports as file:///D:/bbin/cocos/BIG_wings/assets/game/BigWings/script/wheel/BigWingsSymbol.ts.
debug: Resolve file:///D:/bbin/cocos/BIG_wings/assets/game/BigWings/script/wheel/BigWingsWheel.ts from cce:/internal/x/prerequisite-imports as file:///D:/bbin/cocos/BIG_wings/assets/game/BigWings/script/wheel/BigWingsWheel.ts.
debug: Resolve cce:/internal/code-quality/cr.mjs from file:///D:/bbin/cocos/BIG_wings/assets/game/BigWings/script/wheel/BigWingsWheel.ts as cce:/internal/code-quality/cr.mjs.
debug: Resolve cc from file:///D:/bbin/cocos/BIG_wings/assets/game/BigWings/script/wheel/BigWingsWheel.ts as cce:/internal/x/cc.
debug: Resolve cc from file:///D:/bbin/cocos/BIG_wings/assets/game/BigWings/script/wheel/BigWingsWheel.ts as cce:/internal/x/cc.
debug: Resolve cc from file:///D:/bbin/cocos/BIG_wings/assets/game/BigWings/script/wheel/BigWingsWheel.ts as cce:/internal/x/cc.
debug: Resolve ./BigWingsSymbol from file:///D:/bbin/cocos/BIG_wings/assets/game/BigWings/script/wheel/BigWingsWheel.ts as file:///D:/bbin/cocos/BIG_wings/assets/game/BigWings/script/wheel/BigWingsSymbol.ts.
debug: Resolve ../tools/PrefabInstancePoolManager from file:///D:/bbin/cocos/BIG_wings/assets/game/BigWings/script/wheel/BigWingsWheel.ts as file:///D:/bbin/cocos/BIG_wings/assets/game/BigWings/script/tools/PrefabInstancePoolManager.ts.
debug: Resolve ./SlotWheel from file:///D:/bbin/cocos/BIG_wings/assets/game/BigWings/script/wheel/BigWingsWheel.ts as file:///D:/bbin/cocos/BIG_wings/assets/game/BigWings/script/wheel/SlotWheel.ts.
debug: Resolve ../components/GameManager from file:///D:/bbin/cocos/BIG_wings/assets/game/BigWings/script/wheel/BigWingsWheel.ts as file:///D:/bbin/cocos/BIG_wings/assets/game/BigWings/script/components/GameManager.ts.
debug: Resolve file:///D:/bbin/cocos/BIG_wings/assets/game/BigWings/script/wheel/LineRope.ts from cce:/internal/x/prerequisite-imports as file:///D:/bbin/cocos/BIG_wings/assets/game/BigWings/script/wheel/LineRope.ts.
debug: Resolve file:///D:/bbin/cocos/BIG_wings/assets/game/BigWings/script/wheel/Roller.ts from cce:/internal/x/prerequisite-imports as file:///D:/bbin/cocos/BIG_wings/assets/game/BigWings/script/wheel/Roller.ts.
debug: Resolve file:///D:/bbin/cocos/BIG_wings/assets/game/BigWings/script/wheel/SlotWheel.ts from cce:/internal/x/prerequisite-imports as file:///D:/bbin/cocos/BIG_wings/assets/game/BigWings/script/wheel/SlotWheel.ts.
debug: Resolve file:///D:/bbin/cocos/BIG_wings/assets/game/BigWings/script/wheel/SymbolInfo.ts from cce:/internal/x/prerequisite-imports as file:///D:/bbin/cocos/BIG_wings/assets/game/BigWings/script/wheel/SymbolInfo.ts.
debug: Resolve file:///D:/bbin/cocos/BIG_wings/assets/game/BigWings/script/wheel/SymbolItem.ts from cce:/internal/x/prerequisite-imports as file:///D:/bbin/cocos/BIG_wings/assets/game/BigWings/script/wheel/SymbolItem.ts.
debug: Resolve file:///D:/bbin/cocos/BIG_wings/assets/game/BigWings/script/wheel/SymbolSpine.ts from cce:/internal/x/prerequisite-imports as file:///D:/bbin/cocos/BIG_wings/assets/game/BigWings/script/wheel/SymbolSpine.ts.
debug: Resolve cce:/internal/code-quality/cr.mjs from file:///D:/bbin/cocos/BIG_wings/assets/game/BigWings/script/wheel/SymbolSpine.ts as cce:/internal/code-quality/cr.mjs.
debug: Resolve cc from file:///D:/bbin/cocos/BIG_wings/assets/game/BigWings/script/wheel/SymbolSpine.ts as cce:/internal/x/cc.
debug: Resolve cc from file:///D:/bbin/cocos/BIG_wings/assets/game/BigWings/script/wheel/SymbolSpine.ts as cce:/internal/x/cc.
debug: Resolve cc from file:///D:/bbin/cocos/BIG_wings/assets/game/BigWings/script/wheel/SymbolSpine.ts as cce:/internal/x/cc.
debug: Resolve ./BigWingsWheel from file:///D:/bbin/cocos/BIG_wings/assets/game/BigWings/script/wheel/SymbolSpine.ts as file:///D:/bbin/cocos/BIG_wings/assets/game/BigWings/script/wheel/BigWingsWheel.ts.
debug: Resolve ./BigWingsRoller from file:///D:/bbin/cocos/BIG_wings/assets/game/BigWings/script/wheel/SymbolSpine.ts as file:///D:/bbin/cocos/BIG_wings/assets/game/BigWings/script/wheel/BigWingsRoller.ts.
debug: Resolve ./BigWingsSymbol from file:///D:/bbin/cocos/BIG_wings/assets/game/BigWings/script/wheel/SymbolSpine.ts as file:///D:/bbin/cocos/BIG_wings/assets/game/BigWings/script/wheel/BigWingsSymbol.ts.
debug: Resolve ../tools/PrefabInstancePoolManager from file:///D:/bbin/cocos/BIG_wings/assets/game/BigWings/script/wheel/SymbolSpine.ts as file:///D:/bbin/cocos/BIG_wings/assets/game/BigWings/script/tools/PrefabInstancePoolManager.ts.
debug: Resolve file:///D:/bbin/cocos/BIG_wings/assets/techArt/common/script/poolHandler.ts from cce:/internal/x/prerequisite-imports as file:///D:/bbin/cocos/BIG_wings/assets/techArt/common/script/poolHandler.ts.
debug: Resolve cc from file:///D:/bbin/cocos/BIG_wings/assets/techArt/common/script/poolHandler.ts as cce:/internal/x/cc.
debug: Resolve cc from file:///D:/bbin/cocos/BIG_wings/assets/techArt/common/script/poolHandler.ts as cce:/internal/x/cc.
debug: Resolve cc from file:///D:/bbin/cocos/BIG_wings/assets/techArt/common/script/poolHandler.ts as cce:/internal/x/cc.
debug: Resolve file:///D:/bbin/cocos/BIG_wings/assets/techArt/game/mahjong/script/demoInfo_TA.ts from cce:/internal/x/prerequisite-imports as file:///D:/bbin/cocos/BIG_wings/assets/techArt/game/mahjong/script/demoInfo_TA.ts.
debug: Resolve cc from file:///D:/bbin/cocos/BIG_wings/assets/techArt/game/mahjong/script/demoInfo_TA.ts as cce:/internal/x/cc.
debug: Resolve cc from file:///D:/bbin/cocos/BIG_wings/assets/techArt/game/mahjong/script/demoInfo_TA.ts as cce:/internal/x/cc.
debug: Resolve cc from file:///D:/bbin/cocos/BIG_wings/assets/techArt/game/mahjong/script/demoInfo_TA.ts as cce:/internal/x/cc.
debug: Resolve file:///D:/bbin/cocos/BIG_wings/assets/techArt/game/mahjong/script/loading_Test.ts from cce:/internal/x/prerequisite-imports as file:///D:/bbin/cocos/BIG_wings/assets/techArt/game/mahjong/script/loading_Test.ts.
debug: Resolve cc from file:///D:/bbin/cocos/BIG_wings/assets/techArt/game/mahjong/script/loading_Test.ts as cce:/internal/x/cc.
debug: Resolve cc from file:///D:/bbin/cocos/BIG_wings/assets/techArt/game/mahjong/script/loading_Test.ts as cce:/internal/x/cc.
debug: Resolve cc from file:///D:/bbin/cocos/BIG_wings/assets/techArt/game/mahjong/script/loading_Test.ts as cce:/internal/x/cc.
debug: Resolve file:///D:/bbin/cocos/BIG_wings/assets/techArt/game/mahjong/script/mahjong_TA.ts from cce:/internal/x/prerequisite-imports as file:///D:/bbin/cocos/BIG_wings/assets/techArt/game/mahjong/script/mahjong_TA.ts.
debug: Resolve cce:/internal/code-quality/cr.mjs from file:///D:/bbin/cocos/BIG_wings/assets/techArt/game/mahjong/script/mahjong_TA.ts as cce:/internal/code-quality/cr.mjs.
debug: Resolve cc from file:///D:/bbin/cocos/BIG_wings/assets/techArt/game/mahjong/script/mahjong_TA.ts as cce:/internal/x/cc.
debug: Resolve cc from file:///D:/bbin/cocos/BIG_wings/assets/techArt/game/mahjong/script/mahjong_TA.ts as cce:/internal/x/cc.
debug: Resolve cc from file:///D:/bbin/cocos/BIG_wings/assets/techArt/game/mahjong/script/mahjong_TA.ts as cce:/internal/x/cc.
debug: Resolve ../../../common/script/poolHandler from file:///D:/bbin/cocos/BIG_wings/assets/techArt/game/mahjong/script/mahjong_TA.ts as file:///D:/bbin/cocos/BIG_wings/assets/techArt/common/script/poolHandler.ts.
debug: Resolve ./demoInfo_TA from file:///D:/bbin/cocos/BIG_wings/assets/techArt/game/mahjong/script/mahjong_TA.ts as file:///D:/bbin/cocos/BIG_wings/assets/techArt/game/mahjong/script/demoInfo_TA.ts.
debug: Resolve ./symbolResource_TA from file:///D:/bbin/cocos/BIG_wings/assets/techArt/game/mahjong/script/mahjong_TA.ts as file:///D:/bbin/cocos/BIG_wings/assets/techArt/game/mahjong/script/symbolResource_TA.ts.
debug: Resolve ./symbolSetting_TA from file:///D:/bbin/cocos/BIG_wings/assets/techArt/game/mahjong/script/mahjong_TA.ts as file:///D:/bbin/cocos/BIG_wings/assets/techArt/game/mahjong/script/symbolSetting_TA.ts.
debug: Resolve cce:/internal/code-quality/cr.mjs from file:///D:/bbin/cocos/BIG_wings/assets/techArt/game/mahjong/script/symbolSetting_TA.ts as cce:/internal/code-quality/cr.mjs.
debug: Resolve cc from file:///D:/bbin/cocos/BIG_wings/assets/techArt/game/mahjong/script/symbolSetting_TA.ts as cce:/internal/x/cc.
debug: Resolve cc from file:///D:/bbin/cocos/BIG_wings/assets/techArt/game/mahjong/script/symbolSetting_TA.ts as cce:/internal/x/cc.
debug: Resolve cc from file:///D:/bbin/cocos/BIG_wings/assets/techArt/game/mahjong/script/symbolSetting_TA.ts as cce:/internal/x/cc.
debug: Resolve ./symbolResource_TA from file:///D:/bbin/cocos/BIG_wings/assets/techArt/game/mahjong/script/symbolSetting_TA.ts as file:///D:/bbin/cocos/BIG_wings/assets/techArt/game/mahjong/script/symbolResource_TA.ts.
debug: Resolve ./symbolSet_TA from file:///D:/bbin/cocos/BIG_wings/assets/techArt/game/mahjong/script/mahjong_TA.ts as file:///D:/bbin/cocos/BIG_wings/assets/techArt/game/mahjong/script/symbolSet_TA.ts.
debug: Resolve ./symbolWin_TA from file:///D:/bbin/cocos/BIG_wings/assets/techArt/game/mahjong/script/mahjong_TA.ts as file:///D:/bbin/cocos/BIG_wings/assets/techArt/game/mahjong/script/symbolWin_TA.ts.
debug: Resolve cce:/internal/code-quality/cr.mjs from file:///D:/bbin/cocos/BIG_wings/assets/techArt/game/mahjong/script/symbolWin_TA.ts as cce:/internal/code-quality/cr.mjs.
debug: Resolve cc from file:///D:/bbin/cocos/BIG_wings/assets/techArt/game/mahjong/script/symbolWin_TA.ts as cce:/internal/x/cc.
debug: Resolve cc from file:///D:/bbin/cocos/BIG_wings/assets/techArt/game/mahjong/script/symbolWin_TA.ts as cce:/internal/x/cc.
debug: Resolve cc from file:///D:/bbin/cocos/BIG_wings/assets/techArt/game/mahjong/script/symbolWin_TA.ts as cce:/internal/x/cc.
debug: Resolve ./symbolResource_TA from file:///D:/bbin/cocos/BIG_wings/assets/techArt/game/mahjong/script/symbolWin_TA.ts as file:///D:/bbin/cocos/BIG_wings/assets/techArt/game/mahjong/script/symbolResource_TA.ts.
debug: Resolve file:///D:/bbin/cocos/BIG_wings/assets/techArt/game/mahjong/script/symbolResource_TA.ts from cce:/internal/x/prerequisite-imports as file:///D:/bbin/cocos/BIG_wings/assets/techArt/game/mahjong/script/symbolResource_TA.ts.
debug: Resolve file:///D:/bbin/cocos/BIG_wings/assets/techArt/game/mahjong/script/symbolSet_TA.ts from cce:/internal/x/prerequisite-imports as file:///D:/bbin/cocos/BIG_wings/assets/techArt/game/mahjong/script/symbolSet_TA.ts.
debug: Resolve file:///D:/bbin/cocos/BIG_wings/assets/techArt/game/mahjong/script/symbolSetting_TA.ts from cce:/internal/x/prerequisite-imports as file:///D:/bbin/cocos/BIG_wings/assets/techArt/game/mahjong/script/symbolSetting_TA.ts.
debug: Resolve file:///D:/bbin/cocos/BIG_wings/assets/techArt/game/mahjong/script/symbolWin_TA.ts from cce:/internal/x/prerequisite-imports as file:///D:/bbin/cocos/BIG_wings/assets/techArt/game/mahjong/script/symbolWin_TA.ts.
debug: Resolve file:///D:/bbin/cocos/BIG_wings/assets/techArt/test/script/coinDropAnim.ts from cce:/internal/x/prerequisite-imports as file:///D:/bbin/cocos/BIG_wings/assets/techArt/test/script/coinDropAnim.ts.
debug: Resolve cc from file:///D:/bbin/cocos/BIG_wings/assets/techArt/test/script/coinDropAnim.ts as cce:/internal/x/cc.
debug: Resolve cc from file:///D:/bbin/cocos/BIG_wings/assets/techArt/test/script/coinDropAnim.ts as cce:/internal/x/cc.
debug: Resolve cc from file:///D:/bbin/cocos/BIG_wings/assets/techArt/test/script/coinDropAnim.ts as cce:/internal/x/cc.
debug: Resolve file:///D:/bbin/cocos/BIG_wings/assets/techArt/test/script/coinsInflux.ts from cce:/internal/x/prerequisite-imports as file:///D:/bbin/cocos/BIG_wings/assets/techArt/test/script/coinsInflux.ts.
debug: Resolve cc from file:///D:/bbin/cocos/BIG_wings/assets/techArt/test/script/coinsInflux.ts as cce:/internal/x/cc.
debug: Resolve cc from file:///D:/bbin/cocos/BIG_wings/assets/techArt/test/script/coinsInflux.ts as cce:/internal/x/cc.
debug: Resolve cc from file:///D:/bbin/cocos/BIG_wings/assets/techArt/test/script/coinsInflux.ts as cce:/internal/x/cc.
debug: Resolve file:///D:/bbin/cocos/BIG_wings/assets/techArt/test/script/common_TA.ts from cce:/internal/x/prerequisite-imports as file:///D:/bbin/cocos/BIG_wings/assets/techArt/test/script/common_TA.ts.
debug: Resolve cc from file:///D:/bbin/cocos/BIG_wings/assets/techArt/test/script/common_TA.ts as cce:/internal/x/cc.
debug: Resolve cc from file:///D:/bbin/cocos/BIG_wings/assets/techArt/test/script/common_TA.ts as cce:/internal/x/cc.
debug: Resolve cc from file:///D:/bbin/cocos/BIG_wings/assets/techArt/test/script/common_TA.ts as cce:/internal/x/cc.
debug: Resolve file:///D:/bbin/cocos/BIG_wings/assets/techArt/test/script/creat.ts from cce:/internal/x/prerequisite-imports as file:///D:/bbin/cocos/BIG_wings/assets/techArt/test/script/creat.ts.
debug: Resolve cc from file:///D:/bbin/cocos/BIG_wings/assets/techArt/test/script/creat.ts as cce:/internal/x/cc.
debug: Resolve cc from file:///D:/bbin/cocos/BIG_wings/assets/techArt/test/script/creat.ts as cce:/internal/x/cc.
debug: Resolve cc from file:///D:/bbin/cocos/BIG_wings/assets/techArt/test/script/creat.ts as cce:/internal/x/cc.
debug: Resolve file:///D:/bbin/cocos/BIG_wings/assets/techArt/test/script/enableTest.ts from cce:/internal/x/prerequisite-imports as file:///D:/bbin/cocos/BIG_wings/assets/techArt/test/script/enableTest.ts.
debug: Resolve cc from file:///D:/bbin/cocos/BIG_wings/assets/techArt/test/script/enableTest.ts as cce:/internal/x/cc.
debug: Resolve cc from file:///D:/bbin/cocos/BIG_wings/assets/techArt/test/script/enableTest.ts as cce:/internal/x/cc.
debug: Resolve cc from file:///D:/bbin/cocos/BIG_wings/assets/techArt/test/script/enableTest.ts as cce:/internal/x/cc.
debug: Resolve file:///D:/bbin/cocos/BIG_wings/assets/techArt/test/script/prefabInit_TA.ts from cce:/internal/x/prerequisite-imports as file:///D:/bbin/cocos/BIG_wings/assets/techArt/test/script/prefabInit_TA.ts.
debug: Resolve cc from file:///D:/bbin/cocos/BIG_wings/assets/techArt/test/script/prefabInit_TA.ts as cce:/internal/x/cc.
debug: Resolve cc from file:///D:/bbin/cocos/BIG_wings/assets/techArt/test/script/prefabInit_TA.ts as cce:/internal/x/cc.
debug: Resolve cc from file:///D:/bbin/cocos/BIG_wings/assets/techArt/test/script/prefabInit_TA.ts as cce:/internal/x/cc.
debug: Resolve file:///D:/bbin/cocos/BIG_wings/assets/techArt/test/script/responsiveBg_TA.ts from cce:/internal/x/prerequisite-imports as file:///D:/bbin/cocos/BIG_wings/assets/techArt/test/script/responsiveBg_TA.ts.
debug: Resolve cc from file:///D:/bbin/cocos/BIG_wings/assets/techArt/test/script/responsiveBg_TA.ts as cce:/internal/x/cc.
debug: Resolve cc from file:///D:/bbin/cocos/BIG_wings/assets/techArt/test/script/responsiveBg_TA.ts as cce:/internal/x/cc.
debug: Resolve cc from file:///D:/bbin/cocos/BIG_wings/assets/techArt/test/script/responsiveBg_TA.ts as cce:/internal/x/cc.
debug: Resolve cc/env from file:///D:/bbin/cocos/BIG_wings/assets/techArt/test/script/responsiveBg_TA.ts as external dependency cc/env.
debug: Resolve file:///D:/bbin/cocos/BIG_wings/assets/techArt/test/script/symbolInfo_TA.ts from cce:/internal/x/prerequisite-imports as file:///D:/bbin/cocos/BIG_wings/assets/techArt/test/script/symbolInfo_TA.ts.
debug: Resolve cc from file:///D:/bbin/cocos/BIG_wings/assets/techArt/test/script/symbolInfo_TA.ts as cce:/internal/x/cc.
debug: Resolve cc from file:///D:/bbin/cocos/BIG_wings/assets/techArt/test/script/symbolInfo_TA.ts as cce:/internal/x/cc.
debug: Resolve cc from file:///D:/bbin/cocos/BIG_wings/assets/techArt/test/script/symbolInfo_TA.ts as cce:/internal/x/cc.
debug: Resolve file:///D:/bbin/cocos/BIG_wings/assets/techArt/test/script/tipMove_TA.ts from cce:/internal/x/prerequisite-imports as file:///D:/bbin/cocos/BIG_wings/assets/techArt/test/script/tipMove_TA.ts.
debug: Resolve cc from file:///D:/bbin/cocos/BIG_wings/assets/techArt/test/script/tipMove_TA.ts as cce:/internal/x/cc.
debug: Resolve cc from file:///D:/bbin/cocos/BIG_wings/assets/techArt/test/script/tipMove_TA.ts as cce:/internal/x/cc.
debug: Resolve cc from file:///D:/bbin/cocos/BIG_wings/assets/techArt/test/script/tipMove_TA.ts as cce:/internal/x/cc.
debug: Target(editor) ends with cost 471.3235999941826ms.
debug: Target(preview) build started.
debug: Detected change: cce:/internal/x/cc. Last mtime: Thu Jan 01 1970 08:00:19 GMT+0800 (台北標準時間), Current mtime: Thu Jan 01 1970 08:00:10 GMT+0800 (台北標準時間)
debug: Inspect cce:/internal/x/cc
debug: Resolve cce:/internal/x/cc-fu/2d from cce:/internal/x/cc as external dependency cce:/internal/x/cc-fu/2d.
debug: Resolve cce:/internal/x/cc-fu/sorting from cce:/internal/x/cc as external dependency cce:/internal/x/cc-fu/sorting.
debug: Resolve cce:/internal/x/cc-fu/animation from cce:/internal/x/cc as external dependency cce:/internal/x/cc-fu/animation.
debug: Resolve cce:/internal/x/cc-fu/audio from cce:/internal/x/cc as external dependency cce:/internal/x/cc-fu/audio.
debug: Resolve cce:/internal/x/cc-fu/base from cce:/internal/x/cc as external dependency cce:/internal/x/cc-fu/base.
debug: Resolve cce:/internal/x/cc-fu/gfx-webgl from cce:/internal/x/cc as external dependency cce:/internal/x/cc-fu/gfx-webgl.
debug: Resolve cce:/internal/x/cc-fu/gfx-webgl2 from cce:/internal/x/cc as external dependency cce:/internal/x/cc-fu/gfx-webgl2.
debug: Resolve cce:/internal/x/cc-fu/intersection-2d from cce:/internal/x/cc as external dependency cce:/internal/x/cc-fu/intersection-2d.
debug: Resolve cce:/internal/x/cc-fu/particle-2d from cce:/internal/x/cc as external dependency cce:/internal/x/cc-fu/particle-2d.
debug: Resolve cce:/internal/x/cc-fu/physics-2d-box2d from cce:/internal/x/cc as external dependency cce:/internal/x/cc-fu/physics-2d-box2d.
debug: Resolve cce:/internal/x/cc-fu/physics-2d-framework from cce:/internal/x/cc as external dependency cce:/internal/x/cc-fu/physics-2d-framework.
debug: Resolve cce:/internal/x/cc-fu/profiler from cce:/internal/x/cc as external dependency cce:/internal/x/cc-fu/profiler.
debug: Resolve cce:/internal/x/cc-fu/spine from cce:/internal/x/cc as external dependency cce:/internal/x/cc-fu/spine.
debug: Resolve cce:/internal/x/cc-fu/tiled-map from cce:/internal/x/cc as external dependency cce:/internal/x/cc-fu/tiled-map.
debug: Resolve cce:/internal/x/cc-fu/tween from cce:/internal/x/cc as external dependency cce:/internal/x/cc-fu/tween.
debug: Resolve cce:/internal/x/cc-fu/ui from cce:/internal/x/cc as external dependency cce:/internal/x/cc-fu/ui.
debug: Resolve cce:/internal/x/cc-fu/video from cce:/internal/x/cc as external dependency cce:/internal/x/cc-fu/video.
debug: Resolve cce:/internal/x/cc-fu/webview from cce:/internal/x/cc as external dependency cce:/internal/x/cc-fu/webview.
debug: Detected change: cce:/internal/x/prerequisite-imports. Last mtime: Thu Jan 01 1970 08:00:27 GMT+0800 (台北標準時間), Current mtime: Thu Jan 01 1970 08:00:10 GMT+0800 (台北標準時間)
debug: Inspect cce:/internal/x/prerequisite-imports
debug: Resolve file:///C:/ProgramData/cocos/editors/Creator/3.8.1/resources/resources/3d/engine/editor/assets/tools/debug-view-runtime-control.ts from cce:/internal/x/prerequisite-imports as file:///C:/ProgramData/cocos/editors/Creator/3.8.1/resources/resources/3d/engine/editor/assets/tools/debug-view-runtime-control.ts.
debug: Resolve cc from file:///C:/ProgramData/cocos/editors/Creator/3.8.1/resources/resources/3d/engine/editor/assets/tools/debug-view-runtime-control.ts as cce:/internal/x/cc.
debug: Resolve cc from file:///C:/ProgramData/cocos/editors/Creator/3.8.1/resources/resources/3d/engine/editor/assets/tools/debug-view-runtime-control.ts as cce:/internal/x/cc.
debug: Resolve cc from file:///C:/ProgramData/cocos/editors/Creator/3.8.1/resources/resources/3d/engine/editor/assets/tools/debug-view-runtime-control.ts as cce:/internal/x/cc.
debug: Resolve file:///D:/bbin/cocos/BIG_wings/assets/common/script/anim/particle2DAutoSwitch.ts from cce:/internal/x/prerequisite-imports as file:///D:/bbin/cocos/BIG_wings/assets/common/script/anim/particle2DAutoSwitch.ts.
debug: Resolve cc from file:///D:/bbin/cocos/BIG_wings/assets/common/script/anim/particle2DAutoSwitch.ts as cce:/internal/x/cc.
debug: Resolve cc from file:///D:/bbin/cocos/BIG_wings/assets/common/script/anim/particle2DAutoSwitch.ts as cce:/internal/x/cc.
debug: Resolve cc from file:///D:/bbin/cocos/BIG_wings/assets/common/script/anim/particle2DAutoSwitch.ts as cce:/internal/x/cc.
debug: Resolve file:///D:/bbin/cocos/BIG_wings/assets/common/script/anim/playAnimOnEnable.ts from cce:/internal/x/prerequisite-imports as file:///D:/bbin/cocos/BIG_wings/assets/common/script/anim/playAnimOnEnable.ts.
debug: Resolve cc from file:///D:/bbin/cocos/BIG_wings/assets/common/script/anim/playAnimOnEnable.ts as cce:/internal/x/cc.
debug: Resolve cc from file:///D:/bbin/cocos/BIG_wings/assets/common/script/anim/playAnimOnEnable.ts as cce:/internal/x/cc.
debug: Resolve cc from file:///D:/bbin/cocos/BIG_wings/assets/common/script/anim/playAnimOnEnable.ts as cce:/internal/x/cc.
debug: Resolve file:///D:/bbin/cocos/BIG_wings/assets/common/script/anim/spinePlayOnEnable.ts from cce:/internal/x/prerequisite-imports as file:///D:/bbin/cocos/BIG_wings/assets/common/script/anim/spinePlayOnEnable.ts.
debug: Resolve cc from file:///D:/bbin/cocos/BIG_wings/assets/common/script/anim/spinePlayOnEnable.ts as cce:/internal/x/cc.
debug: Resolve cc from file:///D:/bbin/cocos/BIG_wings/assets/common/script/anim/spinePlayOnEnable.ts as cce:/internal/x/cc.
debug: Resolve cc from file:///D:/bbin/cocos/BIG_wings/assets/common/script/anim/spinePlayOnEnable.ts as cce:/internal/x/cc.
debug: Resolve file:///D:/bbin/cocos/BIG_wings/assets/common/script/ui/CustomizedButton.ts from cce:/internal/x/prerequisite-imports as file:///D:/bbin/cocos/BIG_wings/assets/common/script/ui/CustomizedButton.ts.
debug: Resolve cc from file:///D:/bbin/cocos/BIG_wings/assets/common/script/ui/CustomizedButton.ts as cce:/internal/x/cc.
debug: Resolve cc from file:///D:/bbin/cocos/BIG_wings/assets/common/script/ui/CustomizedButton.ts as cce:/internal/x/cc.
debug: Resolve cc from file:///D:/bbin/cocos/BIG_wings/assets/common/script/ui/CustomizedButton.ts as cce:/internal/x/cc.
debug: Resolve file:///D:/bbin/cocos/BIG_wings/assets/common/script/ui/customButton.ts from cce:/internal/x/prerequisite-imports as file:///D:/bbin/cocos/BIG_wings/assets/common/script/ui/customButton.ts.
debug: Resolve cc from file:///D:/bbin/cocos/BIG_wings/assets/common/script/ui/customButton.ts as cce:/internal/x/cc.
debug: Resolve cc from file:///D:/bbin/cocos/BIG_wings/assets/common/script/ui/customButton.ts as cce:/internal/x/cc.
debug: Resolve cc from file:///D:/bbin/cocos/BIG_wings/assets/common/script/ui/customButton.ts as cce:/internal/x/cc.
debug: Resolve file:///D:/bbin/cocos/BIG_wings/assets/common/script/ui/customToggle.ts from cce:/internal/x/prerequisite-imports as file:///D:/bbin/cocos/BIG_wings/assets/common/script/ui/customToggle.ts.
debug: Resolve cc from file:///D:/bbin/cocos/BIG_wings/assets/common/script/ui/customToggle.ts as cce:/internal/x/cc.
debug: Resolve cc from file:///D:/bbin/cocos/BIG_wings/assets/common/script/ui/customToggle.ts as cce:/internal/x/cc.
debug: Resolve cc from file:///D:/bbin/cocos/BIG_wings/assets/common/script/ui/customToggle.ts as cce:/internal/x/cc.
debug: Resolve file:///D:/bbin/cocos/BIG_wings/assets/game/BigWings/script/Applicaiton.ts from cce:/internal/x/prerequisite-imports as file:///D:/bbin/cocos/BIG_wings/assets/game/BigWings/script/Applicaiton.ts.
debug: Resolve cce:/internal/code-quality/cr.mjs from file:///D:/bbin/cocos/BIG_wings/assets/game/BigWings/script/Applicaiton.ts as cce:/internal/code-quality/cr.mjs.
debug: Detected change: cce:/internal/code-quality/cr.mjs. Last mtime: Sun Mar 16 2025 13:24:36 GMT+0800 (台北標準時間), Current mtime: Mon Feb 02 2026 23:46:57 GMT+0800 (台北標準時間)
debug: Inspect cce:/internal/code-quality/cr.mjs
debug: Resolve cc from file:///D:/bbin/cocos/BIG_wings/assets/game/BigWings/script/Applicaiton.ts as cce:/internal/x/cc.
debug: Resolve cc from file:///D:/bbin/cocos/BIG_wings/assets/game/BigWings/script/Applicaiton.ts as cce:/internal/x/cc.
debug: Resolve cc from file:///D:/bbin/cocos/BIG_wings/assets/game/BigWings/script/Applicaiton.ts as cce:/internal/x/cc.
debug: Resolve ./lib/BasePresenter from file:///D:/bbin/cocos/BIG_wings/assets/game/BigWings/script/Applicaiton.ts as file:///D:/bbin/cocos/BIG_wings/assets/game/BigWings/script/lib/BasePresenter.ts.
debug: Resolve cce:/internal/code-quality/cr.mjs from file:///D:/bbin/cocos/BIG_wings/assets/game/BigWings/script/lib/BasePresenter.ts as cce:/internal/code-quality/cr.mjs.
debug: Resolve cc from file:///D:/bbin/cocos/BIG_wings/assets/game/BigWings/script/lib/BasePresenter.ts as cce:/internal/x/cc.
debug: Resolve @casino-mono/share-tools from file:///D:/bbin/cocos/BIG_wings/assets/game/BigWings/script/lib/BasePresenter.ts as file:///D:/bbin/cocos/BIG_wings/assets/game/BigWings/script/framework/share-tools/index.ts.
debug: Resolve cc from file:///D:/bbin/cocos/BIG_wings/assets/game/BigWings/script/framework/share-tools/index.ts as cce:/internal/x/cc.
debug: Resolve ./src/environment/lang/Dict from file:///D:/bbin/cocos/BIG_wings/assets/game/BigWings/script/framework/share-tools/index.ts as file:///D:/bbin/cocos/BIG_wings/assets/game/BigWings/script/framework/share-tools/src/environment/lang/Dict.ts.
debug: Resolve cce:/internal/code-quality/cr.mjs from file:///D:/bbin/cocos/BIG_wings/assets/game/BigWings/script/framework/share-tools/src/environment/lang/Dict.ts as cce:/internal/code-quality/cr.mjs.
debug: Resolve cc from file:///D:/bbin/cocos/BIG_wings/assets/game/BigWings/script/framework/share-tools/src/environment/lang/Dict.ts as cce:/internal/x/cc.
debug: Resolve ../url/URLParameter from file:///D:/bbin/cocos/BIG_wings/assets/game/BigWings/script/framework/share-tools/src/environment/lang/Dict.ts as file:///D:/bbin/cocos/BIG_wings/assets/game/BigWings/script/framework/share-tools/src/environment/url/URLParameter.ts.
debug: Resolve cce:/internal/code-quality/cr.mjs from file:///D:/bbin/cocos/BIG_wings/assets/game/BigWings/script/framework/share-tools/src/environment/url/URLParameter.ts as cce:/internal/code-quality/cr.mjs.
debug: Resolve cc from file:///D:/bbin/cocos/BIG_wings/assets/game/BigWings/script/framework/share-tools/src/environment/url/URLParameter.ts as cce:/internal/x/cc.
debug: Resolve ./CDN from file:///D:/bbin/cocos/BIG_wings/assets/game/BigWings/script/framework/share-tools/src/environment/url/URLParameter.ts as file:///D:/bbin/cocos/BIG_wings/assets/game/BigWings/script/framework/share-tools/src/environment/url/CDN.ts.
debug: Resolve cce:/internal/code-quality/cr.mjs from file:///D:/bbin/cocos/BIG_wings/assets/game/BigWings/script/framework/share-tools/src/environment/url/CDN.ts as cce:/internal/code-quality/cr.mjs.
debug: Resolve cc from file:///D:/bbin/cocos/BIG_wings/assets/game/BigWings/script/framework/share-tools/src/environment/url/CDN.ts as cce:/internal/x/cc.
debug: Resolve ./URLJoin from file:///D:/bbin/cocos/BIG_wings/assets/game/BigWings/script/framework/share-tools/src/environment/url/CDN.ts as file:///D:/bbin/cocos/BIG_wings/assets/game/BigWings/script/framework/share-tools/src/environment/url/URLJoin.ts.
debug: Resolve cc from file:///D:/bbin/cocos/BIG_wings/assets/game/BigWings/script/framework/share-tools/src/environment/url/URLJoin.ts as cce:/internal/x/cc.
debug: Resolve ./URLJoin from file:///D:/bbin/cocos/BIG_wings/assets/game/BigWings/script/framework/share-tools/src/environment/url/URLParameter.ts as file:///D:/bbin/cocos/BIG_wings/assets/game/BigWings/script/framework/share-tools/src/environment/url/URLJoin.ts.
debug: Resolve ./src/environment/url/URLParameter from file:///D:/bbin/cocos/BIG_wings/assets/game/BigWings/script/framework/share-tools/index.ts as file:///D:/bbin/cocos/BIG_wings/assets/game/BigWings/script/framework/share-tools/src/environment/url/URLParameter.ts.
debug: Resolve ./src/environment/lang/GameSupportLang from file:///D:/bbin/cocos/BIG_wings/assets/game/BigWings/script/framework/share-tools/index.ts as file:///D:/bbin/cocos/BIG_wings/assets/game/BigWings/script/framework/share-tools/src/environment/lang/GameSupportLang.ts.
debug: Resolve cce:/internal/code-quality/cr.mjs from file:///D:/bbin/cocos/BIG_wings/assets/game/BigWings/script/framework/share-tools/src/environment/lang/GameSupportLang.ts as cce:/internal/code-quality/cr.mjs.
debug: Resolve cc from file:///D:/bbin/cocos/BIG_wings/assets/game/BigWings/script/framework/share-tools/src/environment/lang/GameSupportLang.ts as cce:/internal/x/cc.
debug: Resolve ../url/URLParameter from file:///D:/bbin/cocos/BIG_wings/assets/game/BigWings/script/framework/share-tools/src/environment/lang/GameSupportLang.ts as file:///D:/bbin/cocos/BIG_wings/assets/game/BigWings/script/framework/share-tools/src/environment/url/URLParameter.ts.
debug: Resolve ./src/environment/device/Orientation from file:///D:/bbin/cocos/BIG_wings/assets/game/BigWings/script/framework/share-tools/index.ts as file:///D:/bbin/cocos/BIG_wings/assets/game/BigWings/script/framework/share-tools/src/environment/device/Orientation.ts.
debug: Resolve cce:/internal/code-quality/cr.mjs from file:///D:/bbin/cocos/BIG_wings/assets/game/BigWings/script/framework/share-tools/src/environment/device/Orientation.ts as cce:/internal/code-quality/cr.mjs.
debug: Resolve cc from file:///D:/bbin/cocos/BIG_wings/assets/game/BigWings/script/framework/share-tools/src/environment/device/Orientation.ts as cce:/internal/x/cc.
debug: Resolve ../Cookie from file:///D:/bbin/cocos/BIG_wings/assets/game/BigWings/script/framework/share-tools/src/environment/device/Orientation.ts as file:///D:/bbin/cocos/BIG_wings/assets/game/BigWings/script/framework/share-tools/src/environment/Cookie.ts.
debug: Resolve cc from file:///D:/bbin/cocos/BIG_wings/assets/game/BigWings/script/framework/share-tools/src/environment/Cookie.ts as cce:/internal/x/cc.
debug: Resolve ../url/URLParameter from file:///D:/bbin/cocos/BIG_wings/assets/game/BigWings/script/framework/share-tools/src/environment/device/Orientation.ts as file:///D:/bbin/cocos/BIG_wings/assets/game/BigWings/script/framework/share-tools/src/environment/url/URLParameter.ts.
debug: Resolve ./Device from file:///D:/bbin/cocos/BIG_wings/assets/game/BigWings/script/framework/share-tools/src/environment/device/Orientation.ts as file:///D:/bbin/cocos/BIG_wings/assets/game/BigWings/script/framework/share-tools/src/environment/device/Device.ts.
debug: Resolve cce:/internal/code-quality/cr.mjs from file:///D:/bbin/cocos/BIG_wings/assets/game/BigWings/script/framework/share-tools/src/environment/device/Device.ts as cce:/internal/code-quality/cr.mjs.
debug: Resolve cc from file:///D:/bbin/cocos/BIG_wings/assets/game/BigWings/script/framework/share-tools/src/environment/device/Device.ts as cce:/internal/x/cc.
debug: Create cjs interop url for 'file:///D:/bbin/cocos/BIG_wings/node_modules/ua-parser-js/src/ua-parser.js'
debug: Resolve ua-parser-js from file:///D:/bbin/cocos/BIG_wings/assets/game/BigWings/script/framework/share-tools/src/environment/device/Device.ts as file:///D:/bbin/cocos/BIG_wings/node_modules/ua-parser-js/src/ua-parser.mjs?cjs=&original=.js.
debug: Resolve ./ua-parser.js from file:///D:/bbin/cocos/BIG_wings/node_modules/ua-parser-js/src/ua-parser.mjs?cjs=&original=.js as file:///D:/bbin/cocos/BIG_wings/node_modules/ua-parser-js/src/ua-parser.js.
debug: Resolve cce:/internal/ml/cjs-loader.mjs from file:///D:/bbin/cocos/BIG_wings/node_modules/ua-parser-js/src/ua-parser.js as cce:/internal/ml/cjs-loader.mjs.
debug: Detected change: cce:/internal/ml/cjs-loader.mjs. Last mtime: Sun Mar 16 2025 13:24:36 GMT+0800 (台北標準時間), Current mtime: Mon Feb 02 2026 23:46:57 GMT+0800 (台北標準時間)
debug: Inspect cce:/internal/ml/cjs-loader.mjs
debug: Resolve cce:/internal/ml/cjs-loader.mjs from file:///D:/bbin/cocos/BIG_wings/node_modules/ua-parser-js/src/ua-parser.mjs?cjs=&original=.js as cce:/internal/ml/cjs-loader.mjs.
debug: Resolve ./ua-parser.js from file:///D:/bbin/cocos/BIG_wings/node_modules/ua-parser-js/src/ua-parser.mjs?cjs=&original=.js as file:///D:/bbin/cocos/BIG_wings/node_modules/ua-parser-js/src/ua-parser.js.
debug: Resolve ./ua-parser.js from file:///D:/bbin/cocos/BIG_wings/node_modules/ua-parser-js/src/ua-parser.mjs?cjs=&original=.js as file:///D:/bbin/cocos/BIG_wings/node_modules/ua-parser-js/src/ua-parser.js.
debug: Resolve ../url/URLParameter from file:///D:/bbin/cocos/BIG_wings/assets/game/BigWings/script/framework/share-tools/src/environment/device/Device.ts as file:///D:/bbin/cocos/BIG_wings/assets/game/BigWings/script/framework/share-tools/src/environment/url/URLParameter.ts.
debug: Resolve ./UBBrowserChecker from file:///D:/bbin/cocos/BIG_wings/assets/game/BigWings/script/framework/share-tools/src/environment/device/Device.ts as file:///D:/bbin/cocos/BIG_wings/assets/game/BigWings/script/framework/share-tools/src/environment/device/UBBrowserChecker.ts.
debug: Resolve cc from file:///D:/bbin/cocos/BIG_wings/assets/game/BigWings/script/framework/share-tools/src/environment/device/UBBrowserChecker.ts as cce:/internal/x/cc.
debug: Resolve ./src/environment/device/Device from file:///D:/bbin/cocos/BIG_wings/assets/game/BigWings/script/framework/share-tools/index.ts as file:///D:/bbin/cocos/BIG_wings/assets/game/BigWings/script/framework/share-tools/src/environment/device/Device.ts.
debug: Resolve ./src/environment/device/AIOBridge from file:///D:/bbin/cocos/BIG_wings/assets/game/BigWings/script/framework/share-tools/index.ts as file:///D:/bbin/cocos/BIG_wings/assets/game/BigWings/script/framework/share-tools/src/environment/device/AIOBridge.ts.
debug: Resolve cce:/internal/code-quality/cr.mjs from file:///D:/bbin/cocos/BIG_wings/assets/game/BigWings/script/framework/share-tools/src/environment/device/AIOBridge.ts as cce:/internal/code-quality/cr.mjs.
debug: Resolve cc from file:///D:/bbin/cocos/BIG_wings/assets/game/BigWings/script/framework/share-tools/src/environment/device/AIOBridge.ts as cce:/internal/x/cc.
debug: Resolve ./Device from file:///D:/bbin/cocos/BIG_wings/assets/game/BigWings/script/framework/share-tools/src/environment/device/AIOBridge.ts as file:///D:/bbin/cocos/BIG_wings/assets/game/BigWings/script/framework/share-tools/src/environment/device/Device.ts.
debug: Resolve ./src/environment/device/Orientation from file:///D:/bbin/cocos/BIG_wings/assets/game/BigWings/script/framework/share-tools/index.ts as file:///D:/bbin/cocos/BIG_wings/assets/game/BigWings/script/framework/share-tools/src/environment/device/Orientation.ts.
debug: Resolve ./src/environment/device/FullScreen from file:///D:/bbin/cocos/BIG_wings/assets/game/BigWings/script/framework/share-tools/index.ts as file:///D:/bbin/cocos/BIG_wings/assets/game/BigWings/script/framework/share-tools/src/environment/device/FullScreen.ts.
debug: Resolve cce:/internal/code-quality/cr.mjs from file:///D:/bbin/cocos/BIG_wings/assets/game/BigWings/script/framework/share-tools/src/environment/device/FullScreen.ts as cce:/internal/code-quality/cr.mjs.
debug: Resolve cc from file:///D:/bbin/cocos/BIG_wings/assets/game/BigWings/script/framework/share-tools/src/environment/device/FullScreen.ts as cce:/internal/x/cc.
debug: Create cjs interop url for 'file:///D:/bbin/cocos/BIG_wings/node_modules/vh-check/dist/vh-check.js'
debug: Resolve vh-check from file:///D:/bbin/cocos/BIG_wings/assets/game/BigWings/script/framework/share-tools/src/environment/device/FullScreen.ts as file:///D:/bbin/cocos/BIG_wings/node_modules/vh-check/dist/vh-check.mjs?cjs=&original=.js.
debug: Resolve ./vh-check.js from file:///D:/bbin/cocos/BIG_wings/node_modules/vh-check/dist/vh-check.mjs?cjs=&original=.js as file:///D:/bbin/cocos/BIG_wings/node_modules/vh-check/dist/vh-check.js.
debug: Resolve cce:/internal/ml/cjs-loader.mjs from file:///D:/bbin/cocos/BIG_wings/node_modules/vh-check/dist/vh-check.js as cce:/internal/ml/cjs-loader.mjs.
debug: Resolve cce:/internal/ml/cjs-loader.mjs from file:///D:/bbin/cocos/BIG_wings/node_modules/vh-check/dist/vh-check.mjs?cjs=&original=.js as cce:/internal/ml/cjs-loader.mjs.
debug: Resolve ./vh-check.js from file:///D:/bbin/cocos/BIG_wings/node_modules/vh-check/dist/vh-check.mjs?cjs=&original=.js as file:///D:/bbin/cocos/BIG_wings/node_modules/vh-check/dist/vh-check.js.
debug: Resolve ./vh-check.js from file:///D:/bbin/cocos/BIG_wings/node_modules/vh-check/dist/vh-check.mjs?cjs=&original=.js as file:///D:/bbin/cocos/BIG_wings/node_modules/vh-check/dist/vh-check.js.
debug: Resolve ../url/URLJoin from file:///D:/bbin/cocos/BIG_wings/assets/game/BigWings/script/framework/share-tools/src/environment/device/FullScreen.ts as file:///D:/bbin/cocos/BIG_wings/assets/game/BigWings/script/framework/share-tools/src/environment/url/URLJoin.ts.
debug: Resolve ./Orientation from file:///D:/bbin/cocos/BIG_wings/assets/game/BigWings/script/framework/share-tools/src/environment/device/FullScreen.ts as file:///D:/bbin/cocos/BIG_wings/assets/game/BigWings/script/framework/share-tools/src/environment/device/Orientation.ts.
debug: Resolve ../url/URLParameter from file:///D:/bbin/cocos/BIG_wings/assets/game/BigWings/script/framework/share-tools/src/environment/device/FullScreen.ts as file:///D:/bbin/cocos/BIG_wings/assets/game/BigWings/script/framework/share-tools/src/environment/url/URLParameter.ts.
debug: Resolve ./Device from file:///D:/bbin/cocos/BIG_wings/assets/game/BigWings/script/framework/share-tools/src/environment/device/FullScreen.ts as file:///D:/bbin/cocos/BIG_wings/assets/game/BigWings/script/framework/share-tools/src/environment/device/Device.ts.
debug: Resolve ./src/environment/url/PHPProiveHeaders from file:///D:/bbin/cocos/BIG_wings/assets/game/BigWings/script/framework/share-tools/index.ts as file:///D:/bbin/cocos/BIG_wings/assets/game/BigWings/script/framework/share-tools/src/environment/url/PHPProiveHeaders.ts.
debug: Resolve cc from file:///D:/bbin/cocos/BIG_wings/assets/game/BigWings/script/framework/share-tools/src/environment/url/PHPProiveHeaders.ts as cce:/internal/x/cc.
debug: Resolve ./RecvMessage from file:///D:/bbin/cocos/BIG_wings/assets/game/BigWings/script/lib/BasePresenter.ts as file:///D:/bbin/cocos/BIG_wings/assets/game/BigWings/script/lib/RecvMessage.ts.
debug: Resolve cce:/internal/code-quality/cr.mjs from file:///D:/bbin/cocos/BIG_wings/assets/game/BigWings/script/lib/RecvMessage.ts as cce:/internal/code-quality/cr.mjs.
debug: Resolve cc from file:///D:/bbin/cocos/BIG_wings/assets/game/BigWings/script/lib/RecvMessage.ts as cce:/internal/x/cc.
debug: Resolve ./SendMessage from file:///D:/bbin/cocos/BIG_wings/assets/game/BigWings/script/lib/BasePresenter.ts as file:///D:/bbin/cocos/BIG_wings/assets/game/BigWings/script/lib/SendMessage.ts.
debug: Resolve cce:/internal/code-quality/cr.mjs from file:///D:/bbin/cocos/BIG_wings/assets/game/BigWings/script/lib/SendMessage.ts as cce:/internal/code-quality/cr.mjs.
debug: Resolve cc from file:///D:/bbin/cocos/BIG_wings/assets/game/BigWings/script/lib/SendMessage.ts as cce:/internal/x/cc.
debug: Resolve @casino-mono/mvc from file:///D:/bbin/cocos/BIG_wings/assets/game/BigWings/script/lib/BasePresenter.ts as file:///D:/bbin/cocos/BIG_wings/assets/game/BigWings/script/framework/mvc/index.ts.
debug: Resolve cce:/internal/code-quality/cr.mjs from file:///D:/bbin/cocos/BIG_wings/assets/game/BigWings/script/framework/mvc/index.ts as cce:/internal/code-quality/cr.mjs.
debug: Resolve cc from file:///D:/bbin/cocos/BIG_wings/assets/game/BigWings/script/framework/mvc/index.ts as cce:/internal/x/cc.
debug: Resolve ./src/connection/ws/WebSocketCore from file:///D:/bbin/cocos/BIG_wings/assets/game/BigWings/script/framework/mvc/index.ts as file:///D:/bbin/cocos/BIG_wings/assets/game/BigWings/script/framework/mvc/src/connection/ws/WebSocketCore.ts.
debug: Resolve cce:/internal/code-quality/cr.mjs from file:///D:/bbin/cocos/BIG_wings/assets/game/BigWings/script/framework/mvc/src/connection/ws/WebSocketCore.ts as cce:/internal/code-quality/cr.mjs.
debug: Resolve cc from file:///D:/bbin/cocos/BIG_wings/assets/game/BigWings/script/framework/mvc/src/connection/ws/WebSocketCore.ts as cce:/internal/x/cc.
debug: Resolve strict-event-emitter from file:///D:/bbin/cocos/BIG_wings/assets/game/BigWings/script/framework/mvc/src/connection/ws/WebSocketCore.ts as file:///D:/bbin/cocos/BIG_wings/node_modules/strict-event-emitter/lib/index.mjs.
debug: Resolve ./src/connection/connector/receive/Receive from file:///D:/bbin/cocos/BIG_wings/assets/game/BigWings/script/framework/mvc/index.ts as file:///D:/bbin/cocos/BIG_wings/assets/game/BigWings/script/framework/mvc/src/connection/connector/receive/Receive.ts.
debug: Resolve cce:/internal/code-quality/cr.mjs from file:///D:/bbin/cocos/BIG_wings/assets/game/BigWings/script/framework/mvc/src/connection/connector/receive/Receive.ts as cce:/internal/code-quality/cr.mjs.
debug: Resolve cc from file:///D:/bbin/cocos/BIG_wings/assets/game/BigWings/script/framework/mvc/src/connection/connector/receive/Receive.ts as cce:/internal/x/cc.
debug: Resolve strict-event-emitter from file:///D:/bbin/cocos/BIG_wings/assets/game/BigWings/script/framework/mvc/src/connection/connector/receive/Receive.ts as file:///D:/bbin/cocos/BIG_wings/node_modules/strict-event-emitter/lib/index.mjs.
debug: Resolve ./src/mvc/controller/Controller from file:///D:/bbin/cocos/BIG_wings/assets/game/BigWings/script/framework/mvc/index.ts as file:///D:/bbin/cocos/BIG_wings/assets/game/BigWings/script/framework/mvc/src/mvc/controller/Controller.ts.
debug: Resolve cce:/internal/code-quality/cr.mjs from file:///D:/bbin/cocos/BIG_wings/assets/game/BigWings/script/framework/mvc/src/mvc/controller/Controller.ts as cce:/internal/code-quality/cr.mjs.
debug: Resolve cc from file:///D:/bbin/cocos/BIG_wings/assets/game/BigWings/script/framework/mvc/src/mvc/controller/Controller.ts as cce:/internal/x/cc.
debug: Resolve ../../connection/connector/receive/SeverAction from file:///D:/bbin/cocos/BIG_wings/assets/game/BigWings/script/framework/mvc/src/mvc/controller/Controller.ts as file:///D:/bbin/cocos/BIG_wings/assets/game/BigWings/script/framework/mvc/src/connection/connector/receive/SeverAction.ts.
debug: Resolve cce:/internal/code-quality/cr.mjs from file:///D:/bbin/cocos/BIG_wings/assets/game/BigWings/script/framework/mvc/src/connection/connector/receive/SeverAction.ts as cce:/internal/code-quality/cr.mjs.
debug: Resolve cc from file:///D:/bbin/cocos/BIG_wings/assets/game/BigWings/script/framework/mvc/src/connection/connector/receive/SeverAction.ts as cce:/internal/x/cc.
debug: Resolve ../../connection/connector/send/ClientAction from file:///D:/bbin/cocos/BIG_wings/assets/game/BigWings/script/framework/mvc/src/mvc/controller/Controller.ts as file:///D:/bbin/cocos/BIG_wings/assets/game/BigWings/script/framework/mvc/src/connection/connector/send/ClientAction.ts.
debug: Resolve cc from file:///D:/bbin/cocos/BIG_wings/assets/game/BigWings/script/framework/mvc/src/connection/connector/send/ClientAction.ts as cce:/internal/x/cc.
debug: Resolve ../model/DataModel from file:///D:/bbin/cocos/BIG_wings/assets/game/BigWings/script/framework/mvc/src/mvc/controller/Controller.ts as file:///D:/bbin/cocos/BIG_wings/assets/game/BigWings/script/framework/mvc/src/mvc/model/DataModel.ts.
debug: Resolve cce:/internal/code-quality/cr.mjs from file:///D:/bbin/cocos/BIG_wings/assets/game/BigWings/script/framework/mvc/src/mvc/model/DataModel.ts as cce:/internal/code-quality/cr.mjs.
debug: Resolve cc from file:///D:/bbin/cocos/BIG_wings/assets/game/BigWings/script/framework/mvc/src/mvc/model/DataModel.ts as cce:/internal/x/cc.
debug: Resolve ../../../../share-tools from file:///D:/bbin/cocos/BIG_wings/assets/game/BigWings/script/framework/mvc/src/mvc/model/DataModel.ts as file:///D:/bbin/cocos/BIG_wings/assets/game/BigWings/script/framework/share-tools/index.ts.
debug: Resolve ../../connection/connector/data/Receive from file:///D:/bbin/cocos/BIG_wings/assets/game/BigWings/script/framework/mvc/src/mvc/model/DataModel.ts as file:///D:/bbin/cocos/BIG_wings/assets/game/BigWings/script/framework/mvc/src/connection/connector/data/Receive/index.ts.
debug: Resolve cc from file:///D:/bbin/cocos/BIG_wings/assets/game/BigWings/script/framework/mvc/src/connection/connector/data/Receive/index.ts as cce:/internal/x/cc.
debug: Resolve ./Error from file:///D:/bbin/cocos/BIG_wings/assets/game/BigWings/script/framework/mvc/src/connection/connector/data/Receive/index.ts as file:///D:/bbin/cocos/BIG_wings/assets/game/BigWings/script/framework/mvc/src/connection/connector/data/Receive/Error.ts.
debug: Resolve cc from file:///D:/bbin/cocos/BIG_wings/assets/game/BigWings/script/framework/mvc/src/connection/connector/data/Receive/Error.ts as cce:/internal/x/cc.
debug: Resolve ./onBalanceExchange from file:///D:/bbin/cocos/BIG_wings/assets/game/BigWings/script/framework/mvc/src/connection/connector/data/Receive/index.ts as file:///D:/bbin/cocos/BIG_wings/assets/game/BigWings/script/framework/mvc/src/connection/connector/data/Receive/onBalanceExchange.ts.
debug: Resolve cc from file:///D:/bbin/cocos/BIG_wings/assets/game/BigWings/script/framework/mvc/src/connection/connector/data/Receive/onBalanceExchange.ts as cce:/internal/x/cc.
debug: Resolve ./onBeginGame from file:///D:/bbin/cocos/BIG_wings/assets/game/BigWings/script/framework/mvc/src/connection/connector/data/Receive/index.ts as file:///D:/bbin/cocos/BIG_wings/assets/game/BigWings/script/framework/mvc/src/connection/connector/data/Receive/onBeginGame.ts.
debug: Resolve cc from file:///D:/bbin/cocos/BIG_wings/assets/game/BigWings/script/framework/mvc/src/connection/connector/data/Receive/onBeginGame.ts as cce:/internal/x/cc.
debug: Resolve ./onCreditExchange from file:///D:/bbin/cocos/BIG_wings/assets/game/BigWings/script/framework/mvc/src/connection/connector/data/Receive/index.ts as file:///D:/bbin/cocos/BIG_wings/assets/game/BigWings/script/framework/mvc/src/connection/connector/data/Receive/onCreditExchange.ts.
debug: Resolve cc from file:///D:/bbin/cocos/BIG_wings/assets/game/BigWings/script/framework/mvc/src/connection/connector/data/Receive/onCreditExchange.ts as cce:/internal/x/cc.
debug: Resolve ./onGetMachineDetail from file:///D:/bbin/cocos/BIG_wings/assets/game/BigWings/script/framework/mvc/src/connection/connector/data/Receive/index.ts as file:///D:/bbin/cocos/BIG_wings/assets/game/BigWings/script/framework/mvc/src/connection/connector/data/Receive/onGetMachineDetail.ts.
debug: Resolve cc from file:///D:/bbin/cocos/BIG_wings/assets/game/BigWings/script/framework/mvc/src/connection/connector/data/Receive/onGetMachineDetail.ts as cce:/internal/x/cc.
debug: Resolve ./onHitJackpot from file:///D:/bbin/cocos/BIG_wings/assets/game/BigWings/script/framework/mvc/src/connection/connector/data/Receive/index.ts as file:///D:/bbin/cocos/BIG_wings/assets/game/BigWings/script/framework/mvc/src/connection/connector/data/Receive/onHitJackpot.ts.
debug: Resolve cc from file:///D:/bbin/cocos/BIG_wings/assets/game/BigWings/script/framework/mvc/src/connection/connector/data/Receive/onHitJackpot.ts as cce:/internal/x/cc.
debug: Resolve ./onLogin from file:///D:/bbin/cocos/BIG_wings/assets/game/BigWings/script/framework/mvc/src/connection/connector/data/Receive/index.ts as file:///D:/bbin/cocos/BIG_wings/assets/game/BigWings/script/framework/mvc/src/connection/connector/data/Receive/onLogin.ts.
debug: Resolve cc from file:///D:/bbin/cocos/BIG_wings/assets/game/BigWings/script/framework/mvc/src/connection/connector/data/Receive/onLogin.ts as cce:/internal/x/cc.
debug: Resolve ./onOnLoadInfo2 from file:///D:/bbin/cocos/BIG_wings/assets/game/BigWings/script/framework/mvc/src/connection/connector/data/Receive/index.ts as file:///D:/bbin/cocos/BIG_wings/assets/game/BigWings/script/framework/mvc/src/connection/connector/data/Receive/onOnLoadInfo2.ts.
debug: Resolve cc from file:///D:/bbin/cocos/BIG_wings/assets/game/BigWings/script/framework/mvc/src/connection/connector/data/Receive/onOnLoadInfo2.ts as cce:/internal/x/cc.
debug: Resolve ./onTakeMachine from file:///D:/bbin/cocos/BIG_wings/assets/game/BigWings/script/framework/mvc/src/connection/connector/data/Receive/index.ts as file:///D:/bbin/cocos/BIG_wings/assets/game/BigWings/script/framework/mvc/src/connection/connector/data/Receive/onTakeMachine.ts.
debug: Resolve cc from file:///D:/bbin/cocos/BIG_wings/assets/game/BigWings/script/framework/mvc/src/connection/connector/data/Receive/onTakeMachine.ts as cce:/internal/x/cc.
debug: Resolve ./updateJP from file:///D:/bbin/cocos/BIG_wings/assets/game/BigWings/script/framework/mvc/src/connection/connector/data/Receive/index.ts as file:///D:/bbin/cocos/BIG_wings/assets/game/BigWings/script/framework/mvc/src/connection/connector/data/Receive/updateJP.ts.
debug: Resolve cc from file:///D:/bbin/cocos/BIG_wings/assets/game/BigWings/script/framework/mvc/src/connection/connector/data/Receive/updateJP.ts as cce:/internal/x/cc.
debug: Resolve ./src/mvc/model/Model from file:///D:/bbin/cocos/BIG_wings/assets/game/BigWings/script/framework/mvc/index.ts as file:///D:/bbin/cocos/BIG_wings/assets/game/BigWings/script/framework/mvc/src/mvc/model/Model.ts.
debug: Resolve cce:/internal/code-quality/cr.mjs from file:///D:/bbin/cocos/BIG_wings/assets/game/BigWings/script/framework/mvc/src/mvc/model/Model.ts as cce:/internal/code-quality/cr.mjs.
debug: Resolve cc from file:///D:/bbin/cocos/BIG_wings/assets/game/BigWings/script/framework/mvc/src/mvc/model/Model.ts as cce:/internal/x/cc.
debug: Resolve ../../../../share-tools from file:///D:/bbin/cocos/BIG_wings/assets/game/BigWings/script/framework/mvc/src/mvc/model/Model.ts as file:///D:/bbin/cocos/BIG_wings/assets/game/BigWings/script/framework/share-tools/index.ts.
debug: Resolve ../../connection/connector/receive/SeverAction from file:///D:/bbin/cocos/BIG_wings/assets/game/BigWings/script/framework/mvc/src/mvc/model/Model.ts as file:///D:/bbin/cocos/BIG_wings/assets/game/BigWings/script/framework/mvc/src/connection/connector/receive/SeverAction.ts.
debug: Resolve ../../connection/connector/Connector from file:///D:/bbin/cocos/BIG_wings/assets/game/BigWings/script/framework/mvc/src/mvc/model/Model.ts as file:///D:/bbin/cocos/BIG_wings/assets/game/BigWings/script/framework/mvc/src/connection/connector/Connector.ts.
debug: Resolve cce:/internal/code-quality/cr.mjs from file:///D:/bbin/cocos/BIG_wings/assets/game/BigWings/script/framework/mvc/src/connection/connector/Connector.ts as cce:/internal/code-quality/cr.mjs.
debug: Resolve cc from file:///D:/bbin/cocos/BIG_wings/assets/game/BigWings/script/framework/mvc/src/connection/connector/Connector.ts as cce:/internal/x/cc.
debug: Resolve ../ws/WebSocketCore from file:///D:/bbin/cocos/BIG_wings/assets/game/BigWings/script/framework/mvc/src/connection/connector/Connector.ts as file:///D:/bbin/cocos/BIG_wings/assets/game/BigWings/script/framework/mvc/src/connection/ws/WebSocketCore.ts.
debug: Resolve ../ws/deserializer from file:///D:/bbin/cocos/BIG_wings/assets/game/BigWings/script/framework/mvc/src/connection/connector/Connector.ts as file:///D:/bbin/cocos/BIG_wings/assets/game/BigWings/script/framework/mvc/src/connection/ws/deserializer.ts.
debug: Resolve cc from file:///D:/bbin/cocos/BIG_wings/assets/game/BigWings/script/framework/mvc/src/connection/ws/deserializer.ts as cce:/internal/x/cc.
debug: Resolve ../ws/serializer from file:///D:/bbin/cocos/BIG_wings/assets/game/BigWings/script/framework/mvc/src/connection/connector/Connector.ts as file:///D:/bbin/cocos/BIG_wings/assets/game/BigWings/script/framework/mvc/src/connection/ws/serializer.ts.
debug: Resolve cc from file:///D:/bbin/cocos/BIG_wings/assets/game/BigWings/script/framework/mvc/src/connection/ws/serializer.ts as cce:/internal/x/cc.
debug: Resolve ./receive/Receive from file:///D:/bbin/cocos/BIG_wings/assets/game/BigWings/script/framework/mvc/src/connection/connector/Connector.ts as file:///D:/bbin/cocos/BIG_wings/assets/game/BigWings/script/framework/mvc/src/connection/connector/receive/Receive.ts.
debug: Resolve ./send/Send from file:///D:/bbin/cocos/BIG_wings/assets/game/BigWings/script/framework/mvc/src/connection/connector/Connector.ts as file:///D:/bbin/cocos/BIG_wings/assets/game/BigWings/script/framework/mvc/src/connection/connector/send/Send.ts.
debug: Resolve cce:/internal/code-quality/cr.mjs from file:///D:/bbin/cocos/BIG_wings/assets/game/BigWings/script/framework/mvc/src/connection/connector/send/Send.ts as cce:/internal/code-quality/cr.mjs.
debug: Resolve cc from file:///D:/bbin/cocos/BIG_wings/assets/game/BigWings/script/framework/mvc/src/connection/connector/send/Send.ts as cce:/internal/x/cc.
debug: Resolve ../../connection/connector/data/Receive from file:///D:/bbin/cocos/BIG_wings/assets/game/BigWings/script/framework/mvc/src/mvc/model/Model.ts as file:///D:/bbin/cocos/BIG_wings/assets/game/BigWings/script/framework/mvc/src/connection/connector/data/Receive/index.ts.
debug: Resolve ./DataModel from file:///D:/bbin/cocos/BIG_wings/assets/game/BigWings/script/framework/mvc/src/mvc/model/Model.ts as file:///D:/bbin/cocos/BIG_wings/assets/game/BigWings/script/framework/mvc/src/mvc/model/DataModel.ts.
debug: Resolve ./src/mvc/model/DataModel from file:///D:/bbin/cocos/BIG_wings/assets/game/BigWings/script/framework/mvc/index.ts as file:///D:/bbin/cocos/BIG_wings/assets/game/BigWings/script/framework/mvc/src/mvc/model/DataModel.ts.
debug: Resolve ./src/mvc/view/View from file:///D:/bbin/cocos/BIG_wings/assets/game/BigWings/script/framework/mvc/index.ts as file:///D:/bbin/cocos/BIG_wings/assets/game/BigWings/script/framework/mvc/src/mvc/view/View.ts.
debug: Resolve cce:/internal/code-quality/cr.mjs from file:///D:/bbin/cocos/BIG_wings/assets/game/BigWings/script/framework/mvc/src/mvc/view/View.ts as cce:/internal/code-quality/cr.mjs.
debug: Resolve cc from file:///D:/bbin/cocos/BIG_wings/assets/game/BigWings/script/framework/mvc/src/mvc/view/View.ts as cce:/internal/x/cc.
debug: Resolve ../../../../share-tools from file:///D:/bbin/cocos/BIG_wings/assets/game/BigWings/script/framework/mvc/src/mvc/view/View.ts as file:///D:/bbin/cocos/BIG_wings/assets/game/BigWings/script/framework/share-tools/index.ts.
debug: Resolve ../../connection/connector/receive/SeverAction from file:///D:/bbin/cocos/BIG_wings/assets/game/BigWings/script/framework/mvc/src/mvc/view/View.ts as file:///D:/bbin/cocos/BIG_wings/assets/game/BigWings/script/framework/mvc/src/connection/connector/receive/SeverAction.ts.
debug: Resolve ../../interface from file:///D:/bbin/cocos/BIG_wings/assets/game/BigWings/script/framework/mvc/src/mvc/view/View.ts as file:///D:/bbin/cocos/BIG_wings/assets/game/BigWings/script/framework/mvc/src/interface/index.ts.
debug: Resolve cc from file:///D:/bbin/cocos/BIG_wings/assets/game/BigWings/script/framework/mvc/src/interface/index.ts as cce:/internal/x/cc.
debug: Resolve ./Command from file:///D:/bbin/cocos/BIG_wings/assets/game/BigWings/script/framework/mvc/src/interface/index.ts as file:///D:/bbin/cocos/BIG_wings/assets/game/BigWings/script/framework/mvc/src/interface/Command.ts.
debug: Resolve cce:/internal/code-quality/cr.mjs from file:///D:/bbin/cocos/BIG_wings/assets/game/BigWings/script/framework/mvc/src/interface/Command.ts as cce:/internal/code-quality/cr.mjs.
debug: Resolve cc from file:///D:/bbin/cocos/BIG_wings/assets/game/BigWings/script/framework/mvc/src/interface/Command.ts as cce:/internal/x/cc.
debug: Resolve ./Costume from file:///D:/bbin/cocos/BIG_wings/assets/game/BigWings/script/framework/mvc/src/interface/index.ts as file:///D:/bbin/cocos/BIG_wings/assets/game/BigWings/script/framework/mvc/src/interface/Costume.ts.
debug: Resolve cce:/internal/code-quality/cr.mjs from file:///D:/bbin/cocos/BIG_wings/assets/game/BigWings/script/framework/mvc/src/interface/Costume.ts as cce:/internal/code-quality/cr.mjs.
debug: Resolve cc from file:///D:/bbin/cocos/BIG_wings/assets/game/BigWings/script/framework/mvc/src/interface/Costume.ts as cce:/internal/x/cc.
debug: Resolve ./Exchange from file:///D:/bbin/cocos/BIG_wings/assets/game/BigWings/script/framework/mvc/src/interface/index.ts as file:///D:/bbin/cocos/BIG_wings/assets/game/BigWings/script/framework/mvc/src/interface/Exchange.ts.
debug: Resolve cce:/internal/code-quality/cr.mjs from file:///D:/bbin/cocos/BIG_wings/assets/game/BigWings/script/framework/mvc/src/interface/Exchange.ts as cce:/internal/code-quality/cr.mjs.
debug: Resolve cc from file:///D:/bbin/cocos/BIG_wings/assets/game/BigWings/script/framework/mvc/src/interface/Exchange.ts as cce:/internal/x/cc.
debug: Resolve decimal.js from file:///D:/bbin/cocos/BIG_wings/assets/game/BigWings/script/framework/mvc/src/interface/Exchange.ts as file:///D:/bbin/cocos/BIG_wings/node_modules/decimal.js/decimal.mjs.
debug: Resolve strict-event-emitter from file:///D:/bbin/cocos/BIG_wings/assets/game/BigWings/script/framework/mvc/src/interface/Exchange.ts as file:///D:/bbin/cocos/BIG_wings/node_modules/strict-event-emitter/lib/index.mjs.
debug: Resolve ./Toolbar from file:///D:/bbin/cocos/BIG_wings/assets/game/BigWings/script/framework/mvc/src/interface/index.ts as file:///D:/bbin/cocos/BIG_wings/assets/game/BigWings/script/framework/mvc/src/interface/Toolbar.ts.
debug: Resolve cce:/internal/code-quality/cr.mjs from file:///D:/bbin/cocos/BIG_wings/assets/game/BigWings/script/framework/mvc/src/interface/Toolbar.ts as cce:/internal/code-quality/cr.mjs.
debug: Resolve cc from file:///D:/bbin/cocos/BIG_wings/assets/game/BigWings/script/framework/mvc/src/interface/Toolbar.ts as cce:/internal/x/cc.
debug: Resolve ./Alert from file:///D:/bbin/cocos/BIG_wings/assets/game/BigWings/script/framework/mvc/src/interface/index.ts as file:///D:/bbin/cocos/BIG_wings/assets/game/BigWings/script/framework/mvc/src/interface/Alert.ts.
debug: Resolve cce:/internal/code-quality/cr.mjs from file:///D:/bbin/cocos/BIG_wings/assets/game/BigWings/script/framework/mvc/src/interface/Alert.ts as cce:/internal/code-quality/cr.mjs.
debug: Resolve cc from file:///D:/bbin/cocos/BIG_wings/assets/game/BigWings/script/framework/mvc/src/interface/Alert.ts as cce:/internal/x/cc.
debug: Resolve ./src/interface/Command from file:///D:/bbin/cocos/BIG_wings/assets/game/BigWings/script/framework/mvc/index.ts as file:///D:/bbin/cocos/BIG_wings/assets/game/BigWings/script/framework/mvc/src/interface/Command.ts.
debug: Resolve ./src/interface/Toolbar from file:///D:/bbin/cocos/BIG_wings/assets/game/BigWings/script/framework/mvc/index.ts as file:///D:/bbin/cocos/BIG_wings/assets/game/BigWings/script/framework/mvc/src/interface/Toolbar.ts.
debug: Resolve ./src/interface/Costume from file:///D:/bbin/cocos/BIG_wings/assets/game/BigWings/script/framework/mvc/index.ts as file:///D:/bbin/cocos/BIG_wings/assets/game/BigWings/script/framework/mvc/src/interface/Costume.ts.
debug: Resolve ./src/interface/Exchange from file:///D:/bbin/cocos/BIG_wings/assets/game/BigWings/script/framework/mvc/index.ts as file:///D:/bbin/cocos/BIG_wings/assets/game/BigWings/script/framework/mvc/src/interface/Exchange.ts.
debug: Resolve ./lib/BaseModel from file:///D:/bbin/cocos/BIG_wings/assets/game/BigWings/script/Applicaiton.ts as file:///D:/bbin/cocos/BIG_wings/assets/game/BigWings/script/lib/BaseModel.ts.
debug: Resolve cce:/internal/code-quality/cr.mjs from file:///D:/bbin/cocos/BIG_wings/assets/game/BigWings/script/lib/BaseModel.ts as cce:/internal/code-quality/cr.mjs.
debug: Resolve cc from file:///D:/bbin/cocos/BIG_wings/assets/game/BigWings/script/lib/BaseModel.ts as cce:/internal/x/cc.
debug: Resolve @casino-mono/share-tools from file:///D:/bbin/cocos/BIG_wings/assets/game/BigWings/script/lib/BaseModel.ts as file:///D:/bbin/cocos/BIG_wings/assets/game/BigWings/script/framework/share-tools/index.ts.
debug: Resolve @casino-mono/mvc from file:///D:/bbin/cocos/BIG_wings/assets/game/BigWings/script/lib/BaseModel.ts as file:///D:/bbin/cocos/BIG_wings/assets/game/BigWings/script/framework/mvc/index.ts.
debug: Resolve ./RecvMessage from file:///D:/bbin/cocos/BIG_wings/assets/game/BigWings/script/lib/BaseModel.ts as file:///D:/bbin/cocos/BIG_wings/assets/game/BigWings/script/lib/RecvMessage.ts.
debug: Resolve ./BaseDataModel from file:///D:/bbin/cocos/BIG_wings/assets/game/BigWings/script/lib/BaseModel.ts as file:///D:/bbin/cocos/BIG_wings/assets/game/BigWings/script/lib/BaseDataModel.ts.
debug: Resolve cc from file:///D:/bbin/cocos/BIG_wings/assets/game/BigWings/script/lib/BaseDataModel.ts as cce:/internal/x/cc.
debug: Resolve @casino-mono/mvc from file:///D:/bbin/cocos/BIG_wings/assets/game/BigWings/script/lib/BaseDataModel.ts as file:///D:/bbin/cocos/BIG_wings/assets/game/BigWings/script/framework/mvc/index.ts.
debug: Resolve ./lib/BaseView from file:///D:/bbin/cocos/BIG_wings/assets/game/BigWings/script/Applicaiton.ts as file:///D:/bbin/cocos/BIG_wings/assets/game/BigWings/script/lib/BaseView.ts.
debug: Resolve cce:/internal/code-quality/cr.mjs from file:///D:/bbin/cocos/BIG_wings/assets/game/BigWings/script/lib/BaseView.ts as cce:/internal/code-quality/cr.mjs.
debug: Resolve cc from file:///D:/bbin/cocos/BIG_wings/assets/game/BigWings/script/lib/BaseView.ts as cce:/internal/x/cc.
debug: Resolve cc from file:///D:/bbin/cocos/BIG_wings/assets/game/BigWings/script/lib/BaseView.ts as cce:/internal/x/cc.
debug: Resolve ./BasePresenter from file:///D:/bbin/cocos/BIG_wings/assets/game/BigWings/script/lib/BaseView.ts as file:///D:/bbin/cocos/BIG_wings/assets/game/BigWings/script/lib/BasePresenter.ts.
debug: Resolve ./BaseModel from file:///D:/bbin/cocos/BIG_wings/assets/game/BigWings/script/lib/BaseView.ts as file:///D:/bbin/cocos/BIG_wings/assets/game/BigWings/script/lib/BaseModel.ts.
debug: Resolve @casino-mono/mvc from file:///D:/bbin/cocos/BIG_wings/assets/game/BigWings/script/lib/BaseView.ts as file:///D:/bbin/cocos/BIG_wings/assets/game/BigWings/script/framework/mvc/index.ts.
debug: Resolve cc from file:///D:/bbin/cocos/BIG_wings/assets/game/BigWings/script/lib/BaseView.ts as cce:/internal/x/cc.
debug: Resolve ./tools/Resize from file:///D:/bbin/cocos/BIG_wings/assets/game/BigWings/script/Applicaiton.ts as file:///D:/bbin/cocos/BIG_wings/assets/game/BigWings/script/tools/Resize.ts.
debug: Resolve cc from file:///D:/bbin/cocos/BIG_wings/assets/game/BigWings/script/tools/Resize.ts as cce:/internal/x/cc.
debug: Resolve cc from file:///D:/bbin/cocos/BIG_wings/assets/game/BigWings/script/tools/Resize.ts as cce:/internal/x/cc.
debug: Resolve cc from file:///D:/bbin/cocos/BIG_wings/assets/game/BigWings/script/tools/Resize.ts as cce:/internal/x/cc.
debug: Resolve ./components/BigWingsView from file:///D:/bbin/cocos/BIG_wings/assets/game/BigWings/script/Applicaiton.ts as file:///D:/bbin/cocos/BIG_wings/assets/game/BigWings/script/components/BigWingsView.ts.
debug: Resolve cce:/internal/code-quality/cr.mjs from file:///D:/bbin/cocos/BIG_wings/assets/game/BigWings/script/components/BigWingsView.ts as cce:/internal/code-quality/cr.mjs.
debug: Resolve cc from file:///D:/bbin/cocos/BIG_wings/assets/game/BigWings/script/components/BigWingsView.ts as cce:/internal/x/cc.
debug: Resolve cc from file:///D:/bbin/cocos/BIG_wings/assets/game/BigWings/script/components/BigWingsView.ts as cce:/internal/x/cc.
debug: Resolve ../lib/BaseView from file:///D:/bbin/cocos/BIG_wings/assets/game/BigWings/script/components/BigWingsView.ts as file:///D:/bbin/cocos/BIG_wings/assets/game/BigWings/script/lib/BaseView.ts.
debug: Resolve cc from file:///D:/bbin/cocos/BIG_wings/assets/game/BigWings/script/components/BigWingsView.ts as cce:/internal/x/cc.
debug: Resolve ../Applicaiton from file:///D:/bbin/cocos/BIG_wings/assets/game/BigWings/script/components/BigWingsView.ts as file:///D:/bbin/cocos/BIG_wings/assets/game/BigWings/script/Applicaiton.ts.
debug: Resolve ../lib/BaseModel from file:///D:/bbin/cocos/BIG_wings/assets/game/BigWings/script/components/BigWingsView.ts as file:///D:/bbin/cocos/BIG_wings/assets/game/BigWings/script/lib/BaseModel.ts.
debug: Resolve @casino-mono/mvc from file:///D:/bbin/cocos/BIG_wings/assets/game/BigWings/script/components/BigWingsView.ts as file:///D:/bbin/cocos/BIG_wings/assets/game/BigWings/script/framework/mvc/index.ts.
debug: Resolve ./AlertPanel from file:///D:/bbin/cocos/BIG_wings/assets/game/BigWings/script/components/BigWingsView.ts as file:///D:/bbin/cocos/BIG_wings/assets/game/BigWings/script/components/AlertPanel.ts.
debug: Resolve cce:/internal/code-quality/cr.mjs from file:///D:/bbin/cocos/BIG_wings/assets/game/BigWings/script/components/AlertPanel.ts as cce:/internal/code-quality/cr.mjs.
debug: Resolve cc from file:///D:/bbin/cocos/BIG_wings/assets/game/BigWings/script/components/AlertPanel.ts as cce:/internal/x/cc.
debug: Resolve cc from file:///D:/bbin/cocos/BIG_wings/assets/game/BigWings/script/components/AlertPanel.ts as cce:/internal/x/cc.
debug: Resolve cc from file:///D:/bbin/cocos/BIG_wings/assets/game/BigWings/script/components/AlertPanel.ts as cce:/internal/x/cc.
debug: Resolve ../lib/UtilsKit from file:///D:/bbin/cocos/BIG_wings/assets/game/BigWings/script/components/AlertPanel.ts as file:///D:/bbin/cocos/BIG_wings/assets/game/BigWings/script/lib/UtilsKit.ts.
debug: Resolve cce:/internal/code-quality/cr.mjs from file:///D:/bbin/cocos/BIG_wings/assets/game/BigWings/script/lib/UtilsKit.ts as cce:/internal/code-quality/cr.mjs.
debug: Resolve cc from file:///D:/bbin/cocos/BIG_wings/assets/game/BigWings/script/lib/UtilsKit.ts as cce:/internal/x/cc.
debug: Resolve cc from file:///D:/bbin/cocos/BIG_wings/assets/game/BigWings/script/lib/UtilsKit.ts as cce:/internal/x/cc.
debug: Resolve cc from file:///D:/bbin/cocos/BIG_wings/assets/game/BigWings/script/lib/UtilsKit.ts as cce:/internal/x/cc.
debug: Resolve ../../../../common/script/anim/playAnimOnEnable from file:///D:/bbin/cocos/BIG_wings/assets/game/BigWings/script/lib/UtilsKit.ts as file:///D:/bbin/cocos/BIG_wings/assets/common/script/anim/playAnimOnEnable.ts.
debug: Resolve ./ExchangePanel from file:///D:/bbin/cocos/BIG_wings/assets/game/BigWings/script/components/BigWingsView.ts as file:///D:/bbin/cocos/BIG_wings/assets/game/BigWings/script/components/ExchangePanel.ts.
debug: Resolve cce:/internal/code-quality/cr.mjs from file:///D:/bbin/cocos/BIG_wings/assets/game/BigWings/script/components/ExchangePanel.ts as cce:/internal/code-quality/cr.mjs.
debug: Resolve cc from file:///D:/bbin/cocos/BIG_wings/assets/game/BigWings/script/components/ExchangePanel.ts as cce:/internal/x/cc.
debug: Resolve cc from file:///D:/bbin/cocos/BIG_wings/assets/game/BigWings/script/components/ExchangePanel.ts as cce:/internal/x/cc.
debug: Resolve @casino-mono/mvc from file:///D:/bbin/cocos/BIG_wings/assets/game/BigWings/script/components/ExchangePanel.ts as file:///D:/bbin/cocos/BIG_wings/assets/game/BigWings/script/framework/mvc/index.ts.
debug: Resolve cc from file:///D:/bbin/cocos/BIG_wings/assets/game/BigWings/script/components/ExchangePanel.ts as cce:/internal/x/cc.
debug: Resolve ../../../../common/script/ui/customButton from file:///D:/bbin/cocos/BIG_wings/assets/game/BigWings/script/components/ExchangePanel.ts as file:///D:/bbin/cocos/BIG_wings/assets/common/script/ui/customButton.ts.
debug: Resolve ./GameManager from file:///D:/bbin/cocos/BIG_wings/assets/game/BigWings/script/components/BigWingsView.ts as file:///D:/bbin/cocos/BIG_wings/assets/game/BigWings/script/components/GameManager.ts.
debug: Resolve cce:/internal/code-quality/cr.mjs from file:///D:/bbin/cocos/BIG_wings/assets/game/BigWings/script/components/GameManager.ts as cce:/internal/code-quality/cr.mjs.
debug: Resolve cc from file:///D:/bbin/cocos/BIG_wings/assets/game/BigWings/script/components/GameManager.ts as cce:/internal/x/cc.
debug: Resolve cc from file:///D:/bbin/cocos/BIG_wings/assets/game/BigWings/script/components/GameManager.ts as cce:/internal/x/cc.
debug: Resolve @casino-mono/mvc from file:///D:/bbin/cocos/BIG_wings/assets/game/BigWings/script/components/GameManager.ts as file:///D:/bbin/cocos/BIG_wings/assets/game/BigWings/script/framework/mvc/index.ts.
debug: Resolve cc from file:///D:/bbin/cocos/BIG_wings/assets/game/BigWings/script/components/GameManager.ts as cce:/internal/x/cc.
debug: Resolve strict-event-emitter from file:///D:/bbin/cocos/BIG_wings/assets/game/BigWings/script/components/GameManager.ts as file:///D:/bbin/cocos/BIG_wings/node_modules/strict-event-emitter/lib/index.mjs.
debug: Resolve ../wheel/Roller from file:///D:/bbin/cocos/BIG_wings/assets/game/BigWings/script/components/GameManager.ts as file:///D:/bbin/cocos/BIG_wings/assets/game/BigWings/script/wheel/Roller.ts.
debug: Resolve cce:/internal/code-quality/cr.mjs from file:///D:/bbin/cocos/BIG_wings/assets/game/BigWings/script/wheel/Roller.ts as cce:/internal/code-quality/cr.mjs.
debug: Resolve cc from file:///D:/bbin/cocos/BIG_wings/assets/game/BigWings/script/wheel/Roller.ts as cce:/internal/x/cc.
debug: Resolve cc from file:///D:/bbin/cocos/BIG_wings/assets/game/BigWings/script/wheel/Roller.ts as cce:/internal/x/cc.
debug: Resolve cc from file:///D:/bbin/cocos/BIG_wings/assets/game/BigWings/script/wheel/Roller.ts as cce:/internal/x/cc.
debug: Resolve ./SlotWheel from file:///D:/bbin/cocos/BIG_wings/assets/game/BigWings/script/wheel/Roller.ts as file:///D:/bbin/cocos/BIG_wings/assets/game/BigWings/script/wheel/SlotWheel.ts.
debug: Resolve cce:/internal/code-quality/cr.mjs from file:///D:/bbin/cocos/BIG_wings/assets/game/BigWings/script/wheel/SlotWheel.ts as cce:/internal/code-quality/cr.mjs.
debug: Resolve cc from file:///D:/bbin/cocos/BIG_wings/assets/game/BigWings/script/wheel/SlotWheel.ts as cce:/internal/x/cc.
debug: Resolve cc from file:///D:/bbin/cocos/BIG_wings/assets/game/BigWings/script/wheel/SlotWheel.ts as cce:/internal/x/cc.
debug: Resolve cc from file:///D:/bbin/cocos/BIG_wings/assets/game/BigWings/script/wheel/SlotWheel.ts as cce:/internal/x/cc.
debug: Resolve ./SymbolItem from file:///D:/bbin/cocos/BIG_wings/assets/game/BigWings/script/wheel/SlotWheel.ts as file:///D:/bbin/cocos/BIG_wings/assets/game/BigWings/script/wheel/SymbolItem.ts.
debug: Resolve cce:/internal/code-quality/cr.mjs from file:///D:/bbin/cocos/BIG_wings/assets/game/BigWings/script/wheel/SymbolItem.ts as cce:/internal/code-quality/cr.mjs.
debug: Resolve cc from file:///D:/bbin/cocos/BIG_wings/assets/game/BigWings/script/wheel/SymbolItem.ts as cce:/internal/x/cc.
debug: Resolve cc from file:///D:/bbin/cocos/BIG_wings/assets/game/BigWings/script/wheel/SymbolItem.ts as cce:/internal/x/cc.
debug: Resolve cc from file:///D:/bbin/cocos/BIG_wings/assets/game/BigWings/script/wheel/SymbolItem.ts as cce:/internal/x/cc.
debug: Resolve ../tools/PrefabInstancePoolManager from file:///D:/bbin/cocos/BIG_wings/assets/game/BigWings/script/wheel/SymbolItem.ts as file:///D:/bbin/cocos/BIG_wings/assets/game/BigWings/script/tools/PrefabInstancePoolManager.ts.
debug: Resolve cc from file:///D:/bbin/cocos/BIG_wings/assets/game/BigWings/script/tools/PrefabInstancePoolManager.ts as cce:/internal/x/cc.
debug: Resolve cc from file:///D:/bbin/cocos/BIG_wings/assets/game/BigWings/script/tools/PrefabInstancePoolManager.ts as cce:/internal/x/cc.
debug: Resolve cc from file:///D:/bbin/cocos/BIG_wings/assets/game/BigWings/script/tools/PrefabInstancePoolManager.ts as cce:/internal/x/cc.
debug: Resolve ../tools/PrefabInstancePoolManager from file:///D:/bbin/cocos/BIG_wings/assets/game/BigWings/script/wheel/SlotWheel.ts as file:///D:/bbin/cocos/BIG_wings/assets/game/BigWings/script/tools/PrefabInstancePoolManager.ts.
debug: Resolve ../lib/UtilsKit from file:///D:/bbin/cocos/BIG_wings/assets/game/BigWings/script/wheel/Roller.ts as file:///D:/bbin/cocos/BIG_wings/assets/game/BigWings/script/lib/UtilsKit.ts.
debug: Resolve ../lib/UtilsKit from file:///D:/bbin/cocos/BIG_wings/assets/game/BigWings/script/components/GameManager.ts as file:///D:/bbin/cocos/BIG_wings/assets/game/BigWings/script/lib/UtilsKit.ts.
debug: Resolve ../wheel/BigWingsRoller from file:///D:/bbin/cocos/BIG_wings/assets/game/BigWings/script/components/GameManager.ts as file:///D:/bbin/cocos/BIG_wings/assets/game/BigWings/script/wheel/BigWingsRoller.ts.
debug: Resolve cce:/internal/code-quality/cr.mjs from file:///D:/bbin/cocos/BIG_wings/assets/game/BigWings/script/wheel/BigWingsRoller.ts as cce:/internal/code-quality/cr.mjs.
debug: Resolve cc from file:///D:/bbin/cocos/BIG_wings/assets/game/BigWings/script/wheel/BigWingsRoller.ts as cce:/internal/x/cc.
debug: Resolve cc from file:///D:/bbin/cocos/BIG_wings/assets/game/BigWings/script/wheel/BigWingsRoller.ts as cce:/internal/x/cc.
debug: Resolve cc from file:///D:/bbin/cocos/BIG_wings/assets/game/BigWings/script/wheel/BigWingsRoller.ts as cce:/internal/x/cc.
debug: Resolve ./Roller from file:///D:/bbin/cocos/BIG_wings/assets/game/BigWings/script/wheel/BigWingsRoller.ts as file:///D:/bbin/cocos/BIG_wings/assets/game/BigWings/script/wheel/Roller.ts.
debug: Resolve ../lib/UtilsKit from file:///D:/bbin/cocos/BIG_wings/assets/game/BigWings/script/wheel/BigWingsRoller.ts as file:///D:/bbin/cocos/BIG_wings/assets/game/BigWings/script/lib/UtilsKit.ts.
debug: Resolve ./BigWingsSymbol from file:///D:/bbin/cocos/BIG_wings/assets/game/BigWings/script/wheel/BigWingsRoller.ts as file:///D:/bbin/cocos/BIG_wings/assets/game/BigWings/script/wheel/BigWingsSymbol.ts.
debug: Resolve cce:/internal/code-quality/cr.mjs from file:///D:/bbin/cocos/BIG_wings/assets/game/BigWings/script/wheel/BigWingsSymbol.ts as cce:/internal/code-quality/cr.mjs.
debug: Resolve cc from file:///D:/bbin/cocos/BIG_wings/assets/game/BigWings/script/wheel/BigWingsSymbol.ts as cce:/internal/x/cc.
debug: Resolve cc from file:///D:/bbin/cocos/BIG_wings/assets/game/BigWings/script/wheel/BigWingsSymbol.ts as cce:/internal/x/cc.
debug: Resolve cc from file:///D:/bbin/cocos/BIG_wings/assets/game/BigWings/script/wheel/BigWingsSymbol.ts as cce:/internal/x/cc.
debug: Resolve ./SymbolItem from file:///D:/bbin/cocos/BIG_wings/assets/game/BigWings/script/wheel/BigWingsSymbol.ts as file:///D:/bbin/cocos/BIG_wings/assets/game/BigWings/script/wheel/SymbolItem.ts.
debug: Resolve ../lib/UtilsKit from file:///D:/bbin/cocos/BIG_wings/assets/game/BigWings/script/wheel/BigWingsSymbol.ts as file:///D:/bbin/cocos/BIG_wings/assets/game/BigWings/script/lib/UtilsKit.ts.
debug: Resolve ../../../../techArt/game/mahjong/script/symbolResource_TA from file:///D:/bbin/cocos/BIG_wings/assets/game/BigWings/script/components/GameManager.ts as file:///D:/bbin/cocos/BIG_wings/assets/techArt/game/mahjong/script/symbolResource_TA.ts.
debug: Resolve cc from file:///D:/bbin/cocos/BIG_wings/assets/techArt/game/mahjong/script/symbolResource_TA.ts as cce:/internal/x/cc.
debug: Resolve cc from file:///D:/bbin/cocos/BIG_wings/assets/techArt/game/mahjong/script/symbolResource_TA.ts as cce:/internal/x/cc.
debug: Resolve cc from file:///D:/bbin/cocos/BIG_wings/assets/techArt/game/mahjong/script/symbolResource_TA.ts as cce:/internal/x/cc.
debug: Resolve ../mock/MockData from file:///D:/bbin/cocos/BIG_wings/assets/game/BigWings/script/components/GameManager.ts as file:///D:/bbin/cocos/BIG_wings/assets/game/BigWings/script/mock/MockData.ts.
debug: Resolve cc from file:///D:/bbin/cocos/BIG_wings/assets/game/BigWings/script/mock/MockData.ts as cce:/internal/x/cc.
debug: Resolve ./MainGame from file:///D:/bbin/cocos/BIG_wings/assets/game/BigWings/script/components/GameManager.ts as file:///D:/bbin/cocos/BIG_wings/assets/game/BigWings/script/components/MainGame.ts.
debug: Resolve cce:/internal/code-quality/cr.mjs from file:///D:/bbin/cocos/BIG_wings/assets/game/BigWings/script/components/MainGame.ts as cce:/internal/code-quality/cr.mjs.
debug: Resolve cc from file:///D:/bbin/cocos/BIG_wings/assets/game/BigWings/script/components/MainGame.ts as cce:/internal/x/cc.
debug: Resolve cc from file:///D:/bbin/cocos/BIG_wings/assets/game/BigWings/script/components/MainGame.ts as cce:/internal/x/cc.
debug: Resolve cc from file:///D:/bbin/cocos/BIG_wings/assets/game/BigWings/script/components/MainGame.ts as cce:/internal/x/cc.
debug: Resolve ../wheel/LineRope from file:///D:/bbin/cocos/BIG_wings/assets/game/BigWings/script/components/MainGame.ts as file:///D:/bbin/cocos/BIG_wings/assets/game/BigWings/script/wheel/LineRope.ts.
debug: Resolve cce:/internal/code-quality/cr.mjs from file:///D:/bbin/cocos/BIG_wings/assets/game/BigWings/script/wheel/LineRope.ts as cce:/internal/code-quality/cr.mjs.
debug: Resolve cc from file:///D:/bbin/cocos/BIG_wings/assets/game/BigWings/script/wheel/LineRope.ts as cce:/internal/x/cc.
debug: Resolve cc from file:///D:/bbin/cocos/BIG_wings/assets/game/BigWings/script/wheel/LineRope.ts as cce:/internal/x/cc.
debug: Resolve cc from file:///D:/bbin/cocos/BIG_wings/assets/game/BigWings/script/wheel/LineRope.ts as cce:/internal/x/cc.
debug: Resolve ../components/TextureLineGraphics/script/TextureLineGraphics from file:///D:/bbin/cocos/BIG_wings/assets/game/BigWings/script/wheel/LineRope.ts as file:///D:/bbin/cocos/BIG_wings/assets/game/BigWings/script/components/TextureLineGraphics/script/TextureLineGraphics.ts.
debug: Resolve cce:/internal/code-quality/cr.mjs from file:///D:/bbin/cocos/BIG_wings/assets/game/BigWings/script/components/TextureLineGraphics/script/TextureLineGraphics.ts as cce:/internal/code-quality/cr.mjs.
debug: Resolve cc from file:///D:/bbin/cocos/BIG_wings/assets/game/BigWings/script/components/TextureLineGraphics/script/TextureLineGraphics.ts as cce:/internal/x/cc.
debug: Resolve cc from file:///D:/bbin/cocos/BIG_wings/assets/game/BigWings/script/components/TextureLineGraphics/script/TextureLineGraphics.ts as cce:/internal/x/cc.
debug: Resolve cc from file:///D:/bbin/cocos/BIG_wings/assets/game/BigWings/script/components/TextureLineGraphics/script/TextureLineGraphics.ts as cce:/internal/x/cc.
debug: Resolve ./earcut from file:///D:/bbin/cocos/BIG_wings/assets/game/BigWings/script/components/TextureLineGraphics/script/TextureLineGraphics.ts as file:///D:/bbin/cocos/BIG_wings/assets/game/BigWings/script/components/TextureLineGraphics/script/earcut.ts.
debug: Resolve cc from file:///D:/bbin/cocos/BIG_wings/assets/game/BigWings/script/components/TextureLineGraphics/script/earcut.ts as cce:/internal/x/cc.
debug: Resolve ../wheel/SymbolInfo from file:///D:/bbin/cocos/BIG_wings/assets/game/BigWings/script/components/GameManager.ts as file:///D:/bbin/cocos/BIG_wings/assets/game/BigWings/script/wheel/SymbolInfo.ts.
debug: Resolve cce:/internal/code-quality/cr.mjs from file:///D:/bbin/cocos/BIG_wings/assets/game/BigWings/script/wheel/SymbolInfo.ts as cce:/internal/code-quality/cr.mjs.
debug: Resolve cc from file:///D:/bbin/cocos/BIG_wings/assets/game/BigWings/script/wheel/SymbolInfo.ts as cce:/internal/x/cc.
debug: Resolve cc from file:///D:/bbin/cocos/BIG_wings/assets/game/BigWings/script/wheel/SymbolInfo.ts as cce:/internal/x/cc.
debug: Resolve cc from file:///D:/bbin/cocos/BIG_wings/assets/game/BigWings/script/wheel/SymbolInfo.ts as cce:/internal/x/cc.
debug: Resolve ./SymbolItem from file:///D:/bbin/cocos/BIG_wings/assets/game/BigWings/script/wheel/SymbolInfo.ts as file:///D:/bbin/cocos/BIG_wings/assets/game/BigWings/script/wheel/SymbolItem.ts.
debug: Resolve ./BigWingsRoller from file:///D:/bbin/cocos/BIG_wings/assets/game/BigWings/script/wheel/SymbolInfo.ts as file:///D:/bbin/cocos/BIG_wings/assets/game/BigWings/script/wheel/BigWingsRoller.ts.
debug: Resolve ../tools/PrefabInstancePoolManager from file:///D:/bbin/cocos/BIG_wings/assets/game/BigWings/script/wheel/SymbolInfo.ts as file:///D:/bbin/cocos/BIG_wings/assets/game/BigWings/script/tools/PrefabInstancePoolManager.ts.
debug: Resolve ./GameCommand from file:///D:/bbin/cocos/BIG_wings/assets/game/BigWings/script/components/GameManager.ts as file:///D:/bbin/cocos/BIG_wings/assets/game/BigWings/script/components/GameCommand.ts.
debug: Resolve cce:/internal/code-quality/cr.mjs from file:///D:/bbin/cocos/BIG_wings/assets/game/BigWings/script/components/GameCommand.ts as cce:/internal/code-quality/cr.mjs.
debug: Resolve cc from file:///D:/bbin/cocos/BIG_wings/assets/game/BigWings/script/components/GameCommand.ts as cce:/internal/x/cc.
debug: Resolve cc from file:///D:/bbin/cocos/BIG_wings/assets/game/BigWings/script/components/GameCommand.ts as cce:/internal/x/cc.
debug: Resolve @casino-mono/mvc from file:///D:/bbin/cocos/BIG_wings/assets/game/BigWings/script/components/GameCommand.ts as file:///D:/bbin/cocos/BIG_wings/assets/game/BigWings/script/framework/mvc/index.ts.
debug: Resolve cc from file:///D:/bbin/cocos/BIG_wings/assets/game/BigWings/script/components/GameCommand.ts as cce:/internal/x/cc.
debug: Resolve ./BaseAutoSet from file:///D:/bbin/cocos/BIG_wings/assets/game/BigWings/script/components/GameCommand.ts as file:///D:/bbin/cocos/BIG_wings/assets/game/BigWings/script/components/BaseAutoSet.ts.
debug: Resolve cc from file:///D:/bbin/cocos/BIG_wings/assets/game/BigWings/script/components/BaseAutoSet.ts as cce:/internal/x/cc.
debug: Resolve cc from file:///D:/bbin/cocos/BIG_wings/assets/game/BigWings/script/components/BaseAutoSet.ts as cce:/internal/x/cc.
debug: Resolve cc from file:///D:/bbin/cocos/BIG_wings/assets/game/BigWings/script/components/BaseAutoSet.ts as cce:/internal/x/cc.
debug: Resolve ./BetSetPanel from file:///D:/bbin/cocos/BIG_wings/assets/game/BigWings/script/components/GameCommand.ts as file:///D:/bbin/cocos/BIG_wings/assets/game/BigWings/script/components/BetSetPanel.ts.
debug: Resolve cce:/internal/code-quality/cr.mjs from file:///D:/bbin/cocos/BIG_wings/assets/game/BigWings/script/components/BetSetPanel.ts as cce:/internal/code-quality/cr.mjs.
debug: Resolve cc from file:///D:/bbin/cocos/BIG_wings/assets/game/BigWings/script/components/BetSetPanel.ts as cce:/internal/x/cc.
debug: Resolve cc from file:///D:/bbin/cocos/BIG_wings/assets/game/BigWings/script/components/BetSetPanel.ts as cce:/internal/x/cc.
debug: Resolve cc from file:///D:/bbin/cocos/BIG_wings/assets/game/BigWings/script/components/BetSetPanel.ts as cce:/internal/x/cc.
debug: Resolve ./BaseAutoSet from file:///D:/bbin/cocos/BIG_wings/assets/game/BigWings/script/components/BetSetPanel.ts as file:///D:/bbin/cocos/BIG_wings/assets/game/BigWings/script/components/BaseAutoSet.ts.
debug: Resolve @casino-mono/mvc from file:///D:/bbin/cocos/BIG_wings/assets/game/BigWings/script/components/BetSetPanel.ts as file:///D:/bbin/cocos/BIG_wings/assets/game/BigWings/script/framework/mvc/index.ts.
debug: Resolve ../wheel/SymbolInfo from file:///D:/bbin/cocos/BIG_wings/assets/game/BigWings/script/components/GameCommand.ts as file:///D:/bbin/cocos/BIG_wings/assets/game/BigWings/script/wheel/SymbolInfo.ts.
debug: Resolve ../lib/UtilsKit from file:///D:/bbin/cocos/BIG_wings/assets/game/BigWings/script/components/GameCommand.ts as file:///D:/bbin/cocos/BIG_wings/assets/game/BigWings/script/lib/UtilsKit.ts.
debug: Resolve ./BuyFreeGamePanel from file:///D:/bbin/cocos/BIG_wings/assets/game/BigWings/script/components/GameCommand.ts as file:///D:/bbin/cocos/BIG_wings/assets/game/BigWings/script/components/BuyFreeGamePanel.ts.
debug: Resolve cce:/internal/code-quality/cr.mjs from file:///D:/bbin/cocos/BIG_wings/assets/game/BigWings/script/components/BuyFreeGamePanel.ts as cce:/internal/code-quality/cr.mjs.
debug: Resolve cc from file:///D:/bbin/cocos/BIG_wings/assets/game/BigWings/script/components/BuyFreeGamePanel.ts as cce:/internal/x/cc.
debug: Resolve cc from file:///D:/bbin/cocos/BIG_wings/assets/game/BigWings/script/components/BuyFreeGamePanel.ts as cce:/internal/x/cc.
debug: Resolve cc from file:///D:/bbin/cocos/BIG_wings/assets/game/BigWings/script/components/BuyFreeGamePanel.ts as cce:/internal/x/cc.
debug: Resolve @casino-mono/mvc from file:///D:/bbin/cocos/BIG_wings/assets/game/BigWings/script/components/BuyFreeGamePanel.ts as file:///D:/bbin/cocos/BIG_wings/assets/game/BigWings/script/framework/mvc/index.ts.
debug: Resolve ../lib/UtilsKit from file:///D:/bbin/cocos/BIG_wings/assets/game/BigWings/script/components/BuyFreeGamePanel.ts as file:///D:/bbin/cocos/BIG_wings/assets/game/BigWings/script/lib/UtilsKit.ts.
debug: Resolve ../tools/audio/AudioMgr from file:///D:/bbin/cocos/BIG_wings/assets/game/BigWings/script/components/BuyFreeGamePanel.ts as file:///D:/bbin/cocos/BIG_wings/assets/game/BigWings/script/tools/audio/AudioMgr.ts.
debug: Resolve cce:/internal/code-quality/cr.mjs from file:///D:/bbin/cocos/BIG_wings/assets/game/BigWings/script/tools/audio/AudioMgr.ts as cce:/internal/code-quality/cr.mjs.
debug: Resolve cc from file:///D:/bbin/cocos/BIG_wings/assets/game/BigWings/script/tools/audio/AudioMgr.ts as cce:/internal/x/cc.
debug: Resolve cc from file:///D:/bbin/cocos/BIG_wings/assets/game/BigWings/script/tools/audio/AudioMgr.ts as cce:/internal/x/cc.
debug: Resolve ../InstanceBase from file:///D:/bbin/cocos/BIG_wings/assets/game/BigWings/script/tools/audio/AudioMgr.ts as file:///D:/bbin/cocos/BIG_wings/assets/game/BigWings/script/tools/InstanceBase.ts.
debug: Resolve cc from file:///D:/bbin/cocos/BIG_wings/assets/game/BigWings/script/tools/InstanceBase.ts as cce:/internal/x/cc.
debug: Resolve ./AudioUnit from file:///D:/bbin/cocos/BIG_wings/assets/game/BigWings/script/tools/audio/AudioMgr.ts as file:///D:/bbin/cocos/BIG_wings/assets/game/BigWings/script/tools/audio/AudioUnit.ts.
debug: Resolve cce:/internal/code-quality/cr.mjs from file:///D:/bbin/cocos/BIG_wings/assets/game/BigWings/script/tools/audio/AudioUnit.ts as cce:/internal/code-quality/cr.mjs.
debug: Resolve cc from file:///D:/bbin/cocos/BIG_wings/assets/game/BigWings/script/tools/audio/AudioUnit.ts as cce:/internal/x/cc.
debug: Resolve cc from file:///D:/bbin/cocos/BIG_wings/assets/game/BigWings/script/tools/audio/AudioUnit.ts as cce:/internal/x/cc.
debug: Resolve cc from file:///D:/bbin/cocos/BIG_wings/assets/game/BigWings/script/tools/audio/AudioUnit.ts as cce:/internal/x/cc.
debug: Resolve ./AudioMgr from file:///D:/bbin/cocos/BIG_wings/assets/game/BigWings/script/tools/audio/AudioUnit.ts as file:///D:/bbin/cocos/BIG_wings/assets/game/BigWings/script/tools/audio/AudioMgr.ts.
debug: Resolve cc from file:///D:/bbin/cocos/BIG_wings/assets/game/BigWings/script/tools/audio/AudioMgr.ts as cce:/internal/x/cc.
debug: Resolve ../ObjectPool from file:///D:/bbin/cocos/BIG_wings/assets/game/BigWings/script/tools/audio/AudioMgr.ts as file:///D:/bbin/cocos/BIG_wings/assets/game/BigWings/script/tools/ObjectPool.ts.
debug: Resolve cc from file:///D:/bbin/cocos/BIG_wings/assets/game/BigWings/script/tools/ObjectPool.ts as cce:/internal/x/cc.
debug: Resolve cc from file:///D:/bbin/cocos/BIG_wings/assets/game/BigWings/script/tools/ObjectPool.ts as cce:/internal/x/cc.
debug: Resolve cc from file:///D:/bbin/cocos/BIG_wings/assets/game/BigWings/script/tools/ObjectPool.ts as cce:/internal/x/cc.
debug: Resolve cc/env from file:///D:/bbin/cocos/BIG_wings/assets/game/BigWings/script/tools/audio/AudioMgr.ts as external dependency cc/env.
debug: Resolve ./Info from file:///D:/bbin/cocos/BIG_wings/assets/game/BigWings/script/components/GameManager.ts as file:///D:/bbin/cocos/BIG_wings/assets/game/BigWings/script/components/Info.ts.
debug: Resolve cce:/internal/code-quality/cr.mjs from file:///D:/bbin/cocos/BIG_wings/assets/game/BigWings/script/components/Info.ts as cce:/internal/code-quality/cr.mjs.
debug: Resolve cc from file:///D:/bbin/cocos/BIG_wings/assets/game/BigWings/script/components/Info.ts as cce:/internal/x/cc.
debug: Resolve cc from file:///D:/bbin/cocos/BIG_wings/assets/game/BigWings/script/components/Info.ts as cce:/internal/x/cc.
debug: Resolve cc from file:///D:/bbin/cocos/BIG_wings/assets/game/BigWings/script/components/Info.ts as cce:/internal/x/cc.
debug: Resolve ../lib/UtilsKit from file:///D:/bbin/cocos/BIG_wings/assets/game/BigWings/script/components/Info.ts as file:///D:/bbin/cocos/BIG_wings/assets/game/BigWings/script/lib/UtilsKit.ts.
debug: Resolve ../SoundController from file:///D:/bbin/cocos/BIG_wings/assets/game/BigWings/script/components/GameManager.ts as file:///D:/bbin/cocos/BIG_wings/assets/game/BigWings/script/SoundController.ts.
debug: Resolve cce:/internal/code-quality/cr.mjs from file:///D:/bbin/cocos/BIG_wings/assets/game/BigWings/script/SoundController.ts as cce:/internal/code-quality/cr.mjs.
debug: Resolve cc from file:///D:/bbin/cocos/BIG_wings/assets/game/BigWings/script/SoundController.ts as cce:/internal/x/cc.
debug: Resolve cc from file:///D:/bbin/cocos/BIG_wings/assets/game/BigWings/script/SoundController.ts as cce:/internal/x/cc.
debug: Resolve ./tools/InstanceBase from file:///D:/bbin/cocos/BIG_wings/assets/game/BigWings/script/SoundController.ts as file:///D:/bbin/cocos/BIG_wings/assets/game/BigWings/script/tools/InstanceBase.ts.
debug: Resolve ./tools/audio/AudioMgr from file:///D:/bbin/cocos/BIG_wings/assets/game/BigWings/script/SoundController.ts as file:///D:/bbin/cocos/BIG_wings/assets/game/BigWings/script/tools/audio/AudioMgr.ts.
debug: Resolve ./tools/audio/AudioUnit from file:///D:/bbin/cocos/BIG_wings/assets/game/BigWings/script/SoundController.ts as file:///D:/bbin/cocos/BIG_wings/assets/game/BigWings/script/tools/audio/AudioUnit.ts.
debug: Resolve cc from file:///D:/bbin/cocos/BIG_wings/assets/game/BigWings/script/SoundController.ts as cce:/internal/x/cc.
debug: Resolve ./WinAndMarquee from file:///D:/bbin/cocos/BIG_wings/assets/game/BigWings/script/components/GameManager.ts as file:///D:/bbin/cocos/BIG_wings/assets/game/BigWings/script/components/WinAndMarquee.ts.
debug: Resolve cce:/internal/code-quality/cr.mjs from file:///D:/bbin/cocos/BIG_wings/assets/game/BigWings/script/components/WinAndMarquee.ts as cce:/internal/code-quality/cr.mjs.
debug: Resolve cc from file:///D:/bbin/cocos/BIG_wings/assets/game/BigWings/script/components/WinAndMarquee.ts as cce:/internal/x/cc.
debug: Resolve cc from file:///D:/bbin/cocos/BIG_wings/assets/game/BigWings/script/components/WinAndMarquee.ts as cce:/internal/x/cc.
debug: Resolve cc from file:///D:/bbin/cocos/BIG_wings/assets/game/BigWings/script/components/WinAndMarquee.ts as cce:/internal/x/cc.
debug: Resolve ./scoreGridMarquee from file:///D:/bbin/cocos/BIG_wings/assets/game/BigWings/script/components/WinAndMarquee.ts as file:///D:/bbin/cocos/BIG_wings/assets/game/BigWings/script/components/scoreGridMarquee.ts.
debug: Resolve cc from file:///D:/bbin/cocos/BIG_wings/assets/game/BigWings/script/components/scoreGridMarquee.ts as cce:/internal/x/cc.
debug: Resolve cc from file:///D:/bbin/cocos/BIG_wings/assets/game/BigWings/script/components/scoreGridMarquee.ts as cce:/internal/x/cc.
debug: Resolve cc from file:///D:/bbin/cocos/BIG_wings/assets/game/BigWings/script/components/scoreGridMarquee.ts as cce:/internal/x/cc.
debug: Resolve ../wheel/Roller from file:///D:/bbin/cocos/BIG_wings/assets/game/BigWings/script/components/BigWingsView.ts as file:///D:/bbin/cocos/BIG_wings/assets/game/BigWings/script/wheel/Roller.ts.
debug: Resolve @casino-mono/mvc from file:///D:/bbin/cocos/BIG_wings/assets/game/BigWings/script/components/BigWingsView.ts as file:///D:/bbin/cocos/BIG_wings/assets/game/BigWings/script/framework/mvc/index.ts.
debug: Resolve ./BigWingsPresenter from file:///D:/bbin/cocos/BIG_wings/assets/game/BigWings/script/components/BigWingsView.ts as file:///D:/bbin/cocos/BIG_wings/assets/game/BigWings/script/components/BigWingsPresenter.ts.
debug: Resolve cce:/internal/code-quality/cr.mjs from file:///D:/bbin/cocos/BIG_wings/assets/game/BigWings/script/components/BigWingsPresenter.ts as cce:/internal/code-quality/cr.mjs.
debug: Resolve cc from file:///D:/bbin/cocos/BIG_wings/assets/game/BigWings/script/components/BigWingsPresenter.ts as cce:/internal/x/cc.
debug: Resolve cc from file:///D:/bbin/cocos/BIG_wings/assets/game/BigWings/script/components/BigWingsPresenter.ts as cce:/internal/x/cc.
debug: Resolve ../lib/BasePresenter from file:///D:/bbin/cocos/BIG_wings/assets/game/BigWings/script/components/BigWingsPresenter.ts as file:///D:/bbin/cocos/BIG_wings/assets/game/BigWings/script/lib/BasePresenter.ts.
debug: Resolve cc from file:///D:/bbin/cocos/BIG_wings/assets/game/BigWings/script/components/BigWingsPresenter.ts as cce:/internal/x/cc.
debug: Resolve ../lib/RecvMessage from file:///D:/bbin/cocos/BIG_wings/assets/game/BigWings/script/components/BigWingsPresenter.ts as file:///D:/bbin/cocos/BIG_wings/assets/game/BigWings/script/lib/RecvMessage.ts.
debug: Resolve ../lib/SendMessage from file:///D:/bbin/cocos/BIG_wings/assets/game/BigWings/script/components/BigWingsPresenter.ts as file:///D:/bbin/cocos/BIG_wings/assets/game/BigWings/script/lib/SendMessage.ts.
debug: Resolve file:///D:/bbin/cocos/BIG_wings/assets/game/BigWings/script/SoundController.ts from cce:/internal/x/prerequisite-imports as file:///D:/bbin/cocos/BIG_wings/assets/game/BigWings/script/SoundController.ts.
debug: Resolve file:///D:/bbin/cocos/BIG_wings/assets/game/BigWings/script/components/AlertPanel.ts from cce:/internal/x/prerequisite-imports as file:///D:/bbin/cocos/BIG_wings/assets/game/BigWings/script/components/AlertPanel.ts.
debug: Resolve file:///D:/bbin/cocos/BIG_wings/assets/game/BigWings/script/components/AutoSetPanel.ts from cce:/internal/x/prerequisite-imports as file:///D:/bbin/cocos/BIG_wings/assets/game/BigWings/script/components/AutoSetPanel.ts.
debug: Resolve cce:/internal/code-quality/cr.mjs from file:///D:/bbin/cocos/BIG_wings/assets/game/BigWings/script/components/AutoSetPanel.ts as cce:/internal/code-quality/cr.mjs.
debug: Resolve cc from file:///D:/bbin/cocos/BIG_wings/assets/game/BigWings/script/components/AutoSetPanel.ts as cce:/internal/x/cc.
debug: Resolve cc from file:///D:/bbin/cocos/BIG_wings/assets/game/BigWings/script/components/AutoSetPanel.ts as cce:/internal/x/cc.
debug: Resolve cc from file:///D:/bbin/cocos/BIG_wings/assets/game/BigWings/script/components/AutoSetPanel.ts as cce:/internal/x/cc.
debug: Resolve ./BaseAutoSet from file:///D:/bbin/cocos/BIG_wings/assets/game/BigWings/script/components/AutoSetPanel.ts as file:///D:/bbin/cocos/BIG_wings/assets/game/BigWings/script/components/BaseAutoSet.ts.
debug: Resolve file:///D:/bbin/cocos/BIG_wings/assets/game/BigWings/script/components/BaseAutoSet.ts from cce:/internal/x/prerequisite-imports as file:///D:/bbin/cocos/BIG_wings/assets/game/BigWings/script/components/BaseAutoSet.ts.
debug: Resolve file:///D:/bbin/cocos/BIG_wings/assets/game/BigWings/script/components/BetSetPanel.ts from cce:/internal/x/prerequisite-imports as file:///D:/bbin/cocos/BIG_wings/assets/game/BigWings/script/components/BetSetPanel.ts.
debug: Resolve file:///D:/bbin/cocos/BIG_wings/assets/game/BigWings/script/components/BigWin.ts from cce:/internal/x/prerequisite-imports as file:///D:/bbin/cocos/BIG_wings/assets/game/BigWings/script/components/BigWin.ts.
debug: Resolve cce:/internal/code-quality/cr.mjs from file:///D:/bbin/cocos/BIG_wings/assets/game/BigWings/script/components/BigWin.ts as cce:/internal/code-quality/cr.mjs.
debug: Resolve cc from file:///D:/bbin/cocos/BIG_wings/assets/game/BigWings/script/components/BigWin.ts as cce:/internal/x/cc.
debug: Resolve cc from file:///D:/bbin/cocos/BIG_wings/assets/game/BigWings/script/components/BigWin.ts as cce:/internal/x/cc.
debug: Resolve cc from file:///D:/bbin/cocos/BIG_wings/assets/game/BigWings/script/components/BigWin.ts as cce:/internal/x/cc.
debug: Resolve ../lib/UtilsKit from file:///D:/bbin/cocos/BIG_wings/assets/game/BigWings/script/components/BigWin.ts as file:///D:/bbin/cocos/BIG_wings/assets/game/BigWings/script/lib/UtilsKit.ts.
debug: Resolve file:///D:/bbin/cocos/BIG_wings/assets/game/BigWings/script/components/BigWingsCommand.ts from cce:/internal/x/prerequisite-imports as file:///D:/bbin/cocos/BIG_wings/assets/game/BigWings/script/components/BigWingsCommand.ts.
debug: Resolve cc from file:///D:/bbin/cocos/BIG_wings/assets/game/BigWings/script/components/BigWingsCommand.ts as cce:/internal/x/cc.
debug: Resolve cc from file:///D:/bbin/cocos/BIG_wings/assets/game/BigWings/script/components/BigWingsCommand.ts as cce:/internal/x/cc.
debug: Resolve cc from file:///D:/bbin/cocos/BIG_wings/assets/game/BigWings/script/components/BigWingsCommand.ts as cce:/internal/x/cc.
debug: Resolve file:///D:/bbin/cocos/BIG_wings/assets/game/BigWings/script/components/BigWingsPresenter.ts from cce:/internal/x/prerequisite-imports as file:///D:/bbin/cocos/BIG_wings/assets/game/BigWings/script/components/BigWingsPresenter.ts.
debug: Resolve file:///D:/bbin/cocos/BIG_wings/assets/game/BigWings/script/components/BigWingsView.ts from cce:/internal/x/prerequisite-imports as file:///D:/bbin/cocos/BIG_wings/assets/game/BigWings/script/components/BigWingsView.ts.
debug: Resolve file:///D:/bbin/cocos/BIG_wings/assets/game/BigWings/script/components/BuyFreeGamePanel.ts from cce:/internal/x/prerequisite-imports as file:///D:/bbin/cocos/BIG_wings/assets/game/BigWings/script/components/BuyFreeGamePanel.ts.
debug: Resolve file:///D:/bbin/cocos/BIG_wings/assets/game/BigWings/script/components/CalculationCupboard.ts from cce:/internal/x/prerequisite-imports as file:///D:/bbin/cocos/BIG_wings/assets/game/BigWings/script/components/CalculationCupboard.ts.
debug: Resolve cce:/internal/code-quality/cr.mjs from file:///D:/bbin/cocos/BIG_wings/assets/game/BigWings/script/components/CalculationCupboard.ts as cce:/internal/code-quality/cr.mjs.
debug: Resolve cc from file:///D:/bbin/cocos/BIG_wings/assets/game/BigWings/script/components/CalculationCupboard.ts as cce:/internal/x/cc.
debug: Resolve cc from file:///D:/bbin/cocos/BIG_wings/assets/game/BigWings/script/components/CalculationCupboard.ts as cce:/internal/x/cc.
debug: Resolve cc from file:///D:/bbin/cocos/BIG_wings/assets/game/BigWings/script/components/CalculationCupboard.ts as cce:/internal/x/cc.
debug: Resolve ../../../../techArt/game/mahjong/script/symbolSet_TA from file:///D:/bbin/cocos/BIG_wings/assets/game/BigWings/script/components/CalculationCupboard.ts as file:///D:/bbin/cocos/BIG_wings/assets/techArt/game/mahjong/script/symbolSet_TA.ts.
debug: Resolve cce:/internal/code-quality/cr.mjs from file:///D:/bbin/cocos/BIG_wings/assets/techArt/game/mahjong/script/symbolSet_TA.ts as cce:/internal/code-quality/cr.mjs.
debug: Resolve cc from file:///D:/bbin/cocos/BIG_wings/assets/techArt/game/mahjong/script/symbolSet_TA.ts as cce:/internal/x/cc.
debug: Resolve cc from file:///D:/bbin/cocos/BIG_wings/assets/techArt/game/mahjong/script/symbolSet_TA.ts as cce:/internal/x/cc.
debug: Resolve cc from file:///D:/bbin/cocos/BIG_wings/assets/techArt/game/mahjong/script/symbolSet_TA.ts as cce:/internal/x/cc.
debug: Resolve ./symbolResource_TA from file:///D:/bbin/cocos/BIG_wings/assets/techArt/game/mahjong/script/symbolSet_TA.ts as file:///D:/bbin/cocos/BIG_wings/assets/techArt/game/mahjong/script/symbolResource_TA.ts.
debug: Resolve ../tools/PrefabInstancePoolManager from file:///D:/bbin/cocos/BIG_wings/assets/game/BigWings/script/components/CalculationCupboard.ts as file:///D:/bbin/cocos/BIG_wings/assets/game/BigWings/script/tools/PrefabInstancePoolManager.ts.
debug: Resolve ../wheel/BigWingsSymbol from file:///D:/bbin/cocos/BIG_wings/assets/game/BigWings/script/components/CalculationCupboard.ts as file:///D:/bbin/cocos/BIG_wings/assets/game/BigWings/script/wheel/BigWingsSymbol.ts.
debug: Resolve ../lib/UtilsKit from file:///D:/bbin/cocos/BIG_wings/assets/game/BigWings/script/components/CalculationCupboard.ts as file:///D:/bbin/cocos/BIG_wings/assets/game/BigWings/script/lib/UtilsKit.ts.
debug: Resolve file:///D:/bbin/cocos/BIG_wings/assets/game/BigWings/script/components/ExchangePanel.ts from cce:/internal/x/prerequisite-imports as file:///D:/bbin/cocos/BIG_wings/assets/game/BigWings/script/components/ExchangePanel.ts.
debug: Resolve file:///D:/bbin/cocos/BIG_wings/assets/game/BigWings/script/components/GamblePanel.ts from cce:/internal/x/prerequisite-imports as file:///D:/bbin/cocos/BIG_wings/assets/game/BigWings/script/components/GamblePanel.ts.
debug: Resolve cce:/internal/code-quality/cr.mjs from file:///D:/bbin/cocos/BIG_wings/assets/game/BigWings/script/components/GamblePanel.ts as cce:/internal/code-quality/cr.mjs.
debug: Resolve cc from file:///D:/bbin/cocos/BIG_wings/assets/game/BigWings/script/components/GamblePanel.ts as cce:/internal/x/cc.
debug: Resolve cc from file:///D:/bbin/cocos/BIG_wings/assets/game/BigWings/script/components/GamblePanel.ts as cce:/internal/x/cc.
debug: Resolve cc from file:///D:/bbin/cocos/BIG_wings/assets/game/BigWings/script/components/GamblePanel.ts as cce:/internal/x/cc.
debug: Resolve ../lib/UtilsKit from file:///D:/bbin/cocos/BIG_wings/assets/game/BigWings/script/components/GamblePanel.ts as file:///D:/bbin/cocos/BIG_wings/assets/game/BigWings/script/lib/UtilsKit.ts.
debug: Resolve ./BigWingsCommand from file:///D:/bbin/cocos/BIG_wings/assets/game/BigWings/script/components/GamblePanel.ts as file:///D:/bbin/cocos/BIG_wings/assets/game/BigWings/script/components/BigWingsCommand.ts.
debug: Resolve file:///D:/bbin/cocos/BIG_wings/assets/game/BigWings/script/components/GameCommand.ts from cce:/internal/x/prerequisite-imports as file:///D:/bbin/cocos/BIG_wings/assets/game/BigWings/script/components/GameCommand.ts.
debug: Resolve file:///D:/bbin/cocos/BIG_wings/assets/game/BigWings/script/components/GameManager.ts from cce:/internal/x/prerequisite-imports as file:///D:/bbin/cocos/BIG_wings/assets/game/BigWings/script/components/GameManager.ts.
debug: Resolve file:///D:/bbin/cocos/BIG_wings/assets/game/BigWings/script/components/Info.ts from cce:/internal/x/prerequisite-imports as file:///D:/bbin/cocos/BIG_wings/assets/game/BigWings/script/components/Info.ts.
debug: Resolve file:///D:/bbin/cocos/BIG_wings/assets/game/BigWings/script/components/LineInfo.ts from cce:/internal/x/prerequisite-imports as file:///D:/bbin/cocos/BIG_wings/assets/game/BigWings/script/components/LineInfo.ts.
debug: Resolve cce:/internal/code-quality/cr.mjs from file:///D:/bbin/cocos/BIG_wings/assets/game/BigWings/script/components/LineInfo.ts as cce:/internal/code-quality/cr.mjs.
debug: Resolve cc from file:///D:/bbin/cocos/BIG_wings/assets/game/BigWings/script/components/LineInfo.ts as cce:/internal/x/cc.
debug: Resolve cc from file:///D:/bbin/cocos/BIG_wings/assets/game/BigWings/script/components/LineInfo.ts as cce:/internal/x/cc.
debug: Resolve cc from file:///D:/bbin/cocos/BIG_wings/assets/game/BigWings/script/components/LineInfo.ts as cce:/internal/x/cc.
debug: Resolve ./LineInfoSprite from file:///D:/bbin/cocos/BIG_wings/assets/game/BigWings/script/components/LineInfo.ts as file:///D:/bbin/cocos/BIG_wings/assets/game/BigWings/script/components/LineInfoSprite.ts.
debug: Resolve cc from file:///D:/bbin/cocos/BIG_wings/assets/game/BigWings/script/components/LineInfoSprite.ts as cce:/internal/x/cc.
debug: Resolve cc from file:///D:/bbin/cocos/BIG_wings/assets/game/BigWings/script/components/LineInfoSprite.ts as cce:/internal/x/cc.
debug: Resolve cc from file:///D:/bbin/cocos/BIG_wings/assets/game/BigWings/script/components/LineInfoSprite.ts as cce:/internal/x/cc.
debug: Resolve ../tools/PrefabInstancePoolManager from file:///D:/bbin/cocos/BIG_wings/assets/game/BigWings/script/components/LineInfo.ts as file:///D:/bbin/cocos/BIG_wings/assets/game/BigWings/script/tools/PrefabInstancePoolManager.ts.
debug: Resolve ../wheel/BigWingsSymbol from file:///D:/bbin/cocos/BIG_wings/assets/game/BigWings/script/components/LineInfo.ts as file:///D:/bbin/cocos/BIG_wings/assets/game/BigWings/script/wheel/BigWingsSymbol.ts.
debug: Resolve file:///D:/bbin/cocos/BIG_wings/assets/game/BigWings/script/components/LineInfoSprite.ts from cce:/internal/x/prerequisite-imports as file:///D:/bbin/cocos/BIG_wings/assets/game/BigWings/script/components/LineInfoSprite.ts.
debug: Resolve file:///D:/bbin/cocos/BIG_wings/assets/game/BigWings/script/components/MainGame.ts from cce:/internal/x/prerequisite-imports as file:///D:/bbin/cocos/BIG_wings/assets/game/BigWings/script/components/MainGame.ts.
debug: Resolve file:///D:/bbin/cocos/BIG_wings/assets/game/BigWings/script/components/SettingsPanel.ts from cce:/internal/x/prerequisite-imports as file:///D:/bbin/cocos/BIG_wings/assets/game/BigWings/script/components/SettingsPanel.ts.
debug: Resolve cce:/internal/code-quality/cr.mjs from file:///D:/bbin/cocos/BIG_wings/assets/game/BigWings/script/components/SettingsPanel.ts as cce:/internal/code-quality/cr.mjs.
debug: Resolve cc from file:///D:/bbin/cocos/BIG_wings/assets/game/BigWings/script/components/SettingsPanel.ts as cce:/internal/x/cc.
debug: Resolve cc from file:///D:/bbin/cocos/BIG_wings/assets/game/BigWings/script/components/SettingsPanel.ts as cce:/internal/x/cc.
debug: Resolve cc from file:///D:/bbin/cocos/BIG_wings/assets/game/BigWings/script/components/SettingsPanel.ts as cce:/internal/x/cc.
debug: Resolve ./AlertPanel from file:///D:/bbin/cocos/BIG_wings/assets/game/BigWings/script/components/SettingsPanel.ts as file:///D:/bbin/cocos/BIG_wings/assets/game/BigWings/script/components/AlertPanel.ts.
debug: Resolve file:///D:/bbin/cocos/BIG_wings/assets/game/BigWings/script/components/TextureLineGraphics/script/TextureLineGraphics.ts from cce:/internal/x/prerequisite-imports as file:///D:/bbin/cocos/BIG_wings/assets/game/BigWings/script/components/TextureLineGraphics/script/TextureLineGraphics.ts.
debug: Resolve file:///D:/bbin/cocos/BIG_wings/assets/game/BigWings/script/components/TextureLineGraphics/script/earcut.ts from cce:/internal/x/prerequisite-imports as file:///D:/bbin/cocos/BIG_wings/assets/game/BigWings/script/components/TextureLineGraphics/script/earcut.ts.
debug: Resolve file:///D:/bbin/cocos/BIG_wings/assets/game/BigWings/script/components/WinAndMarquee.ts from cce:/internal/x/prerequisite-imports as file:///D:/bbin/cocos/BIG_wings/assets/game/BigWings/script/components/WinAndMarquee.ts.
debug: Resolve file:///D:/bbin/cocos/BIG_wings/assets/game/BigWings/script/components/scoreGridMarquee.ts from cce:/internal/x/prerequisite-imports as file:///D:/bbin/cocos/BIG_wings/assets/game/BigWings/script/components/scoreGridMarquee.ts.
debug: Resolve file:///D:/bbin/cocos/BIG_wings/assets/game/BigWings/script/framework/mvc/index.ts from cce:/internal/x/prerequisite-imports as file:///D:/bbin/cocos/BIG_wings/assets/game/BigWings/script/framework/mvc/index.ts.
debug: Resolve file:///D:/bbin/cocos/BIG_wings/assets/game/BigWings/script/framework/mvc/src/connection/connector/Connector.ts from cce:/internal/x/prerequisite-imports as file:///D:/bbin/cocos/BIG_wings/assets/game/BigWings/script/framework/mvc/src/connection/connector/Connector.ts.
debug: Resolve file:///D:/bbin/cocos/BIG_wings/assets/game/BigWings/script/framework/mvc/src/connection/connector/data/Receive/Error.ts from cce:/internal/x/prerequisite-imports as file:///D:/bbin/cocos/BIG_wings/assets/game/BigWings/script/framework/mvc/src/connection/connector/data/Receive/Error.ts.
debug: Resolve file:///D:/bbin/cocos/BIG_wings/assets/game/BigWings/script/framework/mvc/src/connection/connector/data/Receive/index.ts from cce:/internal/x/prerequisite-imports as file:///D:/bbin/cocos/BIG_wings/assets/game/BigWings/script/framework/mvc/src/connection/connector/data/Receive/index.ts.
debug: Resolve file:///D:/bbin/cocos/BIG_wings/assets/game/BigWings/script/framework/mvc/src/connection/connector/data/Receive/onBalanceExchange.ts from cce:/internal/x/prerequisite-imports as file:///D:/bbin/cocos/BIG_wings/assets/game/BigWings/script/framework/mvc/src/connection/connector/data/Receive/onBalanceExchange.ts.
debug: Resolve file:///D:/bbin/cocos/BIG_wings/assets/game/BigWings/script/framework/mvc/src/connection/connector/data/Receive/onBeginGame.ts from cce:/internal/x/prerequisite-imports as file:///D:/bbin/cocos/BIG_wings/assets/game/BigWings/script/framework/mvc/src/connection/connector/data/Receive/onBeginGame.ts.
debug: Resolve file:///D:/bbin/cocos/BIG_wings/assets/game/BigWings/script/framework/mvc/src/connection/connector/data/Receive/onCreditExchange.ts from cce:/internal/x/prerequisite-imports as file:///D:/bbin/cocos/BIG_wings/assets/game/BigWings/script/framework/mvc/src/connection/connector/data/Receive/onCreditExchange.ts.
debug: Resolve file:///D:/bbin/cocos/BIG_wings/assets/game/BigWings/script/framework/mvc/src/connection/connector/data/Receive/onGetMachineDetail.ts from cce:/internal/x/prerequisite-imports as file:///D:/bbin/cocos/BIG_wings/assets/game/BigWings/script/framework/mvc/src/connection/connector/data/Receive/onGetMachineDetail.ts.
debug: Resolve file:///D:/bbin/cocos/BIG_wings/assets/game/BigWings/script/framework/mvc/src/connection/connector/data/Receive/onHitJackpot.ts from cce:/internal/x/prerequisite-imports as file:///D:/bbin/cocos/BIG_wings/assets/game/BigWings/script/framework/mvc/src/connection/connector/data/Receive/onHitJackpot.ts.
debug: Resolve file:///D:/bbin/cocos/BIG_wings/assets/game/BigWings/script/framework/mvc/src/connection/connector/data/Receive/onLogin.ts from cce:/internal/x/prerequisite-imports as file:///D:/bbin/cocos/BIG_wings/assets/game/BigWings/script/framework/mvc/src/connection/connector/data/Receive/onLogin.ts.
debug: Resolve file:///D:/bbin/cocos/BIG_wings/assets/game/BigWings/script/framework/mvc/src/connection/connector/data/Receive/onOnLoadInfo2.ts from cce:/internal/x/prerequisite-imports as file:///D:/bbin/cocos/BIG_wings/assets/game/BigWings/script/framework/mvc/src/connection/connector/data/Receive/onOnLoadInfo2.ts.
debug: Resolve file:///D:/bbin/cocos/BIG_wings/assets/game/BigWings/script/framework/mvc/src/connection/connector/data/Receive/onTakeMachine.ts from cce:/internal/x/prerequisite-imports as file:///D:/bbin/cocos/BIG_wings/assets/game/BigWings/script/framework/mvc/src/connection/connector/data/Receive/onTakeMachine.ts.
debug: Resolve file:///D:/bbin/cocos/BIG_wings/assets/game/BigWings/script/framework/mvc/src/connection/connector/data/Receive/updateJP.ts from cce:/internal/x/prerequisite-imports as file:///D:/bbin/cocos/BIG_wings/assets/game/BigWings/script/framework/mvc/src/connection/connector/data/Receive/updateJP.ts.
debug: Resolve file:///D:/bbin/cocos/BIG_wings/assets/game/BigWings/script/framework/mvc/src/connection/connector/data/Send/creditExchange.ts from cce:/internal/x/prerequisite-imports as file:///D:/bbin/cocos/BIG_wings/assets/game/BigWings/script/framework/mvc/src/connection/connector/data/Send/creditExchange.ts.
debug: Resolve cc from file:///D:/bbin/cocos/BIG_wings/assets/game/BigWings/script/framework/mvc/src/connection/connector/data/Send/creditExchange.ts as cce:/internal/x/cc.
debug: Resolve file:///D:/bbin/cocos/BIG_wings/assets/game/BigWings/script/framework/mvc/src/connection/connector/data/Send/loginBySid.ts from cce:/internal/x/prerequisite-imports as file:///D:/bbin/cocos/BIG_wings/assets/game/BigWings/script/framework/mvc/src/connection/connector/data/Send/loginBySid.ts.
debug: Resolve cc from file:///D:/bbin/cocos/BIG_wings/assets/game/BigWings/script/framework/mvc/src/connection/connector/data/Send/loginBySid.ts as cce:/internal/x/cc.
debug: Resolve file:///D:/bbin/cocos/BIG_wings/assets/game/BigWings/script/framework/mvc/src/connection/connector/receive/Receive.ts from cce:/internal/x/prerequisite-imports as file:///D:/bbin/cocos/BIG_wings/assets/game/BigWings/script/framework/mvc/src/connection/connector/receive/Receive.ts.
debug: Resolve file:///D:/bbin/cocos/BIG_wings/assets/game/BigWings/script/framework/mvc/src/connection/connector/receive/SeverAction.ts from cce:/internal/x/prerequisite-imports as file:///D:/bbin/cocos/BIG_wings/assets/game/BigWings/script/framework/mvc/src/connection/connector/receive/SeverAction.ts.
debug: Resolve file:///D:/bbin/cocos/BIG_wings/assets/game/BigWings/script/framework/mvc/src/connection/connector/send/ClientAction.ts from cce:/internal/x/prerequisite-imports as file:///D:/bbin/cocos/BIG_wings/assets/game/BigWings/script/framework/mvc/src/connection/connector/send/ClientAction.ts.
debug: Resolve file:///D:/bbin/cocos/BIG_wings/assets/game/BigWings/script/framework/mvc/src/connection/connector/send/Send.ts from cce:/internal/x/prerequisite-imports as file:///D:/bbin/cocos/BIG_wings/assets/game/BigWings/script/framework/mvc/src/connection/connector/send/Send.ts.
debug: Resolve file:///D:/bbin/cocos/BIG_wings/assets/game/BigWings/script/framework/mvc/src/connection/ws/WebSocketCore.ts from cce:/internal/x/prerequisite-imports as file:///D:/bbin/cocos/BIG_wings/assets/game/BigWings/script/framework/mvc/src/connection/ws/WebSocketCore.ts.
debug: Resolve file:///D:/bbin/cocos/BIG_wings/assets/game/BigWings/script/framework/mvc/src/connection/ws/deserializer.ts from cce:/internal/x/prerequisite-imports as file:///D:/bbin/cocos/BIG_wings/assets/game/BigWings/script/framework/mvc/src/connection/ws/deserializer.ts.
debug: Resolve file:///D:/bbin/cocos/BIG_wings/assets/game/BigWings/script/framework/mvc/src/connection/ws/serializer.ts from cce:/internal/x/prerequisite-imports as file:///D:/bbin/cocos/BIG_wings/assets/game/BigWings/script/framework/mvc/src/connection/ws/serializer.ts.
debug: Resolve file:///D:/bbin/cocos/BIG_wings/assets/game/BigWings/script/framework/mvc/src/interface/Alert.ts from cce:/internal/x/prerequisite-imports as file:///D:/bbin/cocos/BIG_wings/assets/game/BigWings/script/framework/mvc/src/interface/Alert.ts.
debug: Resolve file:///D:/bbin/cocos/BIG_wings/assets/game/BigWings/script/framework/mvc/src/interface/Command.ts from cce:/internal/x/prerequisite-imports as file:///D:/bbin/cocos/BIG_wings/assets/game/BigWings/script/framework/mvc/src/interface/Command.ts.
debug: Resolve file:///D:/bbin/cocos/BIG_wings/assets/game/BigWings/script/framework/mvc/src/interface/Costume.ts from cce:/internal/x/prerequisite-imports as file:///D:/bbin/cocos/BIG_wings/assets/game/BigWings/script/framework/mvc/src/interface/Costume.ts.
debug: Resolve file:///D:/bbin/cocos/BIG_wings/assets/game/BigWings/script/framework/mvc/src/interface/Exchange.ts from cce:/internal/x/prerequisite-imports as file:///D:/bbin/cocos/BIG_wings/assets/game/BigWings/script/framework/mvc/src/interface/Exchange.ts.
debug: Resolve file:///D:/bbin/cocos/BIG_wings/assets/game/BigWings/script/framework/mvc/src/interface/Toolbar.ts from cce:/internal/x/prerequisite-imports as file:///D:/bbin/cocos/BIG_wings/assets/game/BigWings/script/framework/mvc/src/interface/Toolbar.ts.
debug: Resolve file:///D:/bbin/cocos/BIG_wings/assets/game/BigWings/script/framework/mvc/src/interface/index.ts from cce:/internal/x/prerequisite-imports as file:///D:/bbin/cocos/BIG_wings/assets/game/BigWings/script/framework/mvc/src/interface/index.ts.
debug: Resolve file:///D:/bbin/cocos/BIG_wings/assets/game/BigWings/script/framework/mvc/src/mvc/controller/Controller.ts from cce:/internal/x/prerequisite-imports as file:///D:/bbin/cocos/BIG_wings/assets/game/BigWings/script/framework/mvc/src/mvc/controller/Controller.ts.
debug: Resolve file:///D:/bbin/cocos/BIG_wings/assets/game/BigWings/script/framework/mvc/src/mvc/model/DataModel.ts from cce:/internal/x/prerequisite-imports as file:///D:/bbin/cocos/BIG_wings/assets/game/BigWings/script/framework/mvc/src/mvc/model/DataModel.ts.
debug: Resolve file:///D:/bbin/cocos/BIG_wings/assets/game/BigWings/script/framework/mvc/src/mvc/model/Model.ts from cce:/internal/x/prerequisite-imports as file:///D:/bbin/cocos/BIG_wings/assets/game/BigWings/script/framework/mvc/src/mvc/model/Model.ts.
debug: Resolve file:///D:/bbin/cocos/BIG_wings/assets/game/BigWings/script/framework/mvc/src/mvc/view/View.ts from cce:/internal/x/prerequisite-imports as file:///D:/bbin/cocos/BIG_wings/assets/game/BigWings/script/framework/mvc/src/mvc/view/View.ts.
debug: Resolve file:///D:/bbin/cocos/BIG_wings/assets/game/BigWings/script/framework/mvc/src/utils/DataEvent.ts from cce:/internal/x/prerequisite-imports as file:///D:/bbin/cocos/BIG_wings/assets/game/BigWings/script/framework/mvc/src/utils/DataEvent.ts.
debug: Resolve cc from file:///D:/bbin/cocos/BIG_wings/assets/game/BigWings/script/framework/mvc/src/utils/DataEvent.ts as cce:/internal/x/cc.
debug: Resolve file:///D:/bbin/cocos/BIG_wings/assets/game/BigWings/script/framework/share-tools/index.ts from cce:/internal/x/prerequisite-imports as file:///D:/bbin/cocos/BIG_wings/assets/game/BigWings/script/framework/share-tools/index.ts.
debug: Resolve file:///D:/bbin/cocos/BIG_wings/assets/game/BigWings/script/framework/share-tools/src/analysis/PlayerLoaderInfo.ts from cce:/internal/x/prerequisite-imports as file:///D:/bbin/cocos/BIG_wings/assets/game/BigWings/script/framework/share-tools/src/analysis/PlayerLoaderInfo.ts.
debug: Resolve cce:/internal/code-quality/cr.mjs from file:///D:/bbin/cocos/BIG_wings/assets/game/BigWings/script/framework/share-tools/src/analysis/PlayerLoaderInfo.ts as cce:/internal/code-quality/cr.mjs.
debug: Resolve cc from file:///D:/bbin/cocos/BIG_wings/assets/game/BigWings/script/framework/share-tools/src/analysis/PlayerLoaderInfo.ts as cce:/internal/x/cc.
debug: Resolve ../environment/device/Device from file:///D:/bbin/cocos/BIG_wings/assets/game/BigWings/script/framework/share-tools/src/analysis/PlayerLoaderInfo.ts as file:///D:/bbin/cocos/BIG_wings/assets/game/BigWings/script/framework/share-tools/src/environment/device/Device.ts.
debug: Resolve ../environment/url/URLParameter from file:///D:/bbin/cocos/BIG_wings/assets/game/BigWings/script/framework/share-tools/src/analysis/PlayerLoaderInfo.ts as file:///D:/bbin/cocos/BIG_wings/assets/game/BigWings/script/framework/share-tools/src/environment/url/URLParameter.ts.
debug: Resolve file:///D:/bbin/cocos/BIG_wings/assets/game/BigWings/script/framework/share-tools/src/environment/Cookie.ts from cce:/internal/x/prerequisite-imports as file:///D:/bbin/cocos/BIG_wings/assets/game/BigWings/script/framework/share-tools/src/environment/Cookie.ts.
debug: Resolve file:///D:/bbin/cocos/BIG_wings/assets/game/BigWings/script/framework/share-tools/src/environment/device/AIOBridge.ts from cce:/internal/x/prerequisite-imports as file:///D:/bbin/cocos/BIG_wings/assets/game/BigWings/script/framework/share-tools/src/environment/device/AIOBridge.ts.
debug: Resolve file:///D:/bbin/cocos/BIG_wings/assets/game/BigWings/script/framework/share-tools/src/environment/device/Device.ts from cce:/internal/x/prerequisite-imports as file:///D:/bbin/cocos/BIG_wings/assets/game/BigWings/script/framework/share-tools/src/environment/device/Device.ts.
debug: Resolve file:///D:/bbin/cocos/BIG_wings/assets/game/BigWings/script/framework/share-tools/src/environment/device/FullScreen.ts from cce:/internal/x/prerequisite-imports as file:///D:/bbin/cocos/BIG_wings/assets/game/BigWings/script/framework/share-tools/src/environment/device/FullScreen.ts.
debug: Resolve file:///D:/bbin/cocos/BIG_wings/assets/game/BigWings/script/framework/share-tools/src/environment/device/Orientation.ts from cce:/internal/x/prerequisite-imports as file:///D:/bbin/cocos/BIG_wings/assets/game/BigWings/script/framework/share-tools/src/environment/device/Orientation.ts.
debug: Resolve file:///D:/bbin/cocos/BIG_wings/assets/game/BigWings/script/framework/share-tools/src/environment/device/UBBrowserChecker.ts from cce:/internal/x/prerequisite-imports as file:///D:/bbin/cocos/BIG_wings/assets/game/BigWings/script/framework/share-tools/src/environment/device/UBBrowserChecker.ts.
debug: Resolve file:///D:/bbin/cocos/BIG_wings/assets/game/BigWings/script/framework/share-tools/src/environment/lang/Dict.ts from cce:/internal/x/prerequisite-imports as file:///D:/bbin/cocos/BIG_wings/assets/game/BigWings/script/framework/share-tools/src/environment/lang/Dict.ts.
debug: Resolve file:///D:/bbin/cocos/BIG_wings/assets/game/BigWings/script/framework/share-tools/src/environment/lang/GameSupportLang.ts from cce:/internal/x/prerequisite-imports as file:///D:/bbin/cocos/BIG_wings/assets/game/BigWings/script/framework/share-tools/src/environment/lang/GameSupportLang.ts.
debug: Resolve file:///D:/bbin/cocos/BIG_wings/assets/game/BigWings/script/framework/share-tools/src/environment/url/CDN.ts from cce:/internal/x/prerequisite-imports as file:///D:/bbin/cocos/BIG_wings/assets/game/BigWings/script/framework/share-tools/src/environment/url/CDN.ts.
debug: Resolve file:///D:/bbin/cocos/BIG_wings/assets/game/BigWings/script/framework/share-tools/src/environment/url/LoadingPicUrl.ts from cce:/internal/x/prerequisite-imports as file:///D:/bbin/cocos/BIG_wings/assets/game/BigWings/script/framework/share-tools/src/environment/url/LoadingPicUrl.ts.
debug: Resolve cce:/internal/code-quality/cr.mjs from file:///D:/bbin/cocos/BIG_wings/assets/game/BigWings/script/framework/share-tools/src/environment/url/LoadingPicUrl.ts as cce:/internal/code-quality/cr.mjs.
debug: Resolve cc from file:///D:/bbin/cocos/BIG_wings/assets/game/BigWings/script/framework/share-tools/src/environment/url/LoadingPicUrl.ts as cce:/internal/x/cc.
debug: Resolve ../device/Orientation from file:///D:/bbin/cocos/BIG_wings/assets/game/BigWings/script/framework/share-tools/src/environment/url/LoadingPicUrl.ts as file:///D:/bbin/cocos/BIG_wings/assets/game/BigWings/script/framework/share-tools/src/environment/device/Orientation.ts.
debug: Resolve ./URLParameter from file:///D:/bbin/cocos/BIG_wings/assets/game/BigWings/script/framework/share-tools/src/environment/url/LoadingPicUrl.ts as file:///D:/bbin/cocos/BIG_wings/assets/game/BigWings/script/framework/share-tools/src/environment/url/URLParameter.ts.
debug: Resolve file:///D:/bbin/cocos/BIG_wings/assets/game/BigWings/script/framework/share-tools/src/environment/url/PHPProiveHeaders.ts from cce:/internal/x/prerequisite-imports as file:///D:/bbin/cocos/BIG_wings/assets/game/BigWings/script/framework/share-tools/src/environment/url/PHPProiveHeaders.ts.
debug: Resolve file:///D:/bbin/cocos/BIG_wings/assets/game/BigWings/script/framework/share-tools/src/environment/url/URLJoin.ts from cce:/internal/x/prerequisite-imports as file:///D:/bbin/cocos/BIG_wings/assets/game/BigWings/script/framework/share-tools/src/environment/url/URLJoin.ts.
debug: Resolve file:///D:/bbin/cocos/BIG_wings/assets/game/BigWings/script/framework/share-tools/src/environment/url/URLParameter.ts from cce:/internal/x/prerequisite-imports as file:///D:/bbin/cocos/BIG_wings/assets/game/BigWings/script/framework/share-tools/src/environment/url/URLParameter.ts.
debug: Resolve file:///D:/bbin/cocos/BIG_wings/assets/game/BigWings/script/framework/share-tools/src/environment/url/isURL.ts from cce:/internal/x/prerequisite-imports as file:///D:/bbin/cocos/BIG_wings/assets/game/BigWings/script/framework/share-tools/src/environment/url/isURL.ts.
debug: Resolve cc from file:///D:/bbin/cocos/BIG_wings/assets/game/BigWings/script/framework/share-tools/src/environment/url/isURL.ts as cce:/internal/x/cc.
debug: Resolve file:///D:/bbin/cocos/BIG_wings/assets/game/BigWings/script/framework/share-tools/src/idb/IndexedDBManager.ts from cce:/internal/x/prerequisite-imports as file:///D:/bbin/cocos/BIG_wings/assets/game/BigWings/script/framework/share-tools/src/idb/IndexedDBManager.ts.
debug: Resolve cc from file:///D:/bbin/cocos/BIG_wings/assets/game/BigWings/script/framework/share-tools/src/idb/IndexedDBManager.ts as cce:/internal/x/cc.
debug: Create cjs interop url for 'file:///D:/bbin/cocos/BIG_wings/node_modules/localforage/dist/localforage.js'
debug: Resolve localforage from file:///D:/bbin/cocos/BIG_wings/assets/game/BigWings/script/framework/share-tools/src/idb/IndexedDBManager.ts as file:///D:/bbin/cocos/BIG_wings/node_modules/localforage/dist/localforage.mjs?cjs=&original=.js.
debug: Resolve ./localforage.js from file:///D:/bbin/cocos/BIG_wings/node_modules/localforage/dist/localforage.mjs?cjs=&original=.js as file:///D:/bbin/cocos/BIG_wings/node_modules/localforage/dist/localforage.js.
debug: Resolve cce:/internal/ml/cjs-loader.mjs from file:///D:/bbin/cocos/BIG_wings/node_modules/localforage/dist/localforage.js as cce:/internal/ml/cjs-loader.mjs.
debug: Resolve cce:/internal/ml/cjs-loader.mjs from file:///D:/bbin/cocos/BIG_wings/node_modules/localforage/dist/localforage.mjs?cjs=&original=.js as cce:/internal/ml/cjs-loader.mjs.
debug: Resolve ./localforage.js from file:///D:/bbin/cocos/BIG_wings/node_modules/localforage/dist/localforage.mjs?cjs=&original=.js as file:///D:/bbin/cocos/BIG_wings/node_modules/localforage/dist/localforage.js.
debug: Resolve ./localforage.js from file:///D:/bbin/cocos/BIG_wings/node_modules/localforage/dist/localforage.mjs?cjs=&original=.js as file:///D:/bbin/cocos/BIG_wings/node_modules/localforage/dist/localforage.js.
debug: Resolve file:///D:/bbin/cocos/BIG_wings/assets/game/BigWings/script/framework/share-tools/src/page-lifecycle/PageLifecycle.ts from cce:/internal/x/prerequisite-imports as file:///D:/bbin/cocos/BIG_wings/assets/game/BigWings/script/framework/share-tools/src/page-lifecycle/PageLifecycle.ts.
debug: Resolve cce:/internal/code-quality/cr.mjs from file:///D:/bbin/cocos/BIG_wings/assets/game/BigWings/script/framework/share-tools/src/page-lifecycle/PageLifecycle.ts as cce:/internal/code-quality/cr.mjs.
debug: Resolve cc from file:///D:/bbin/cocos/BIG_wings/assets/game/BigWings/script/framework/share-tools/src/page-lifecycle/PageLifecycle.ts as cce:/internal/x/cc.
debug: Resolve strict-event-emitter from file:///D:/bbin/cocos/BIG_wings/assets/game/BigWings/script/framework/share-tools/src/page-lifecycle/PageLifecycle.ts as file:///D:/bbin/cocos/BIG_wings/node_modules/strict-event-emitter/lib/index.mjs.
debug: Resolve file:///D:/bbin/cocos/BIG_wings/assets/game/BigWings/script/include.ts from cce:/internal/x/prerequisite-imports as file:///D:/bbin/cocos/BIG_wings/assets/game/BigWings/script/include.ts.
debug: Resolve cce:/internal/code-quality/cr.mjs from file:///D:/bbin/cocos/BIG_wings/assets/game/BigWings/script/include.ts as cce:/internal/code-quality/cr.mjs.
debug: Resolve cc from file:///D:/bbin/cocos/BIG_wings/assets/game/BigWings/script/include.ts as cce:/internal/x/cc.
debug: Resolve ./framework/mvc from file:///D:/bbin/cocos/BIG_wings/assets/game/BigWings/script/include.ts as file:///D:/bbin/cocos/BIG_wings/assets/game/BigWings/script/framework/mvc/index.ts.
debug: Resolve ./framework/share-tools from file:///D:/bbin/cocos/BIG_wings/assets/game/BigWings/script/include.ts as file:///D:/bbin/cocos/BIG_wings/assets/game/BigWings/script/framework/share-tools/index.ts.
debug: Resolve file:///D:/bbin/cocos/BIG_wings/assets/game/BigWings/script/index.ts from cce:/internal/x/prerequisite-imports as file:///D:/bbin/cocos/BIG_wings/assets/game/BigWings/script/index.ts.
debug: Resolve cce:/internal/code-quality/cr.mjs from file:///D:/bbin/cocos/BIG_wings/assets/game/BigWings/script/index.ts as cce:/internal/code-quality/cr.mjs.
debug: Resolve cc from file:///D:/bbin/cocos/BIG_wings/assets/game/BigWings/script/index.ts as cce:/internal/x/cc.
debug: Resolve ./lib/BaseModel from file:///D:/bbin/cocos/BIG_wings/assets/game/BigWings/script/index.ts as file:///D:/bbin/cocos/BIG_wings/assets/game/BigWings/script/lib/BaseModel.ts.
debug: Resolve ./lib/BasePresenter from file:///D:/bbin/cocos/BIG_wings/assets/game/BigWings/script/index.ts as file:///D:/bbin/cocos/BIG_wings/assets/game/BigWings/script/lib/BasePresenter.ts.
debug: Resolve ./lib/BaseView from file:///D:/bbin/cocos/BIG_wings/assets/game/BigWings/script/index.ts as file:///D:/bbin/cocos/BIG_wings/assets/game/BigWings/script/lib/BaseView.ts.
debug: Resolve file:///D:/bbin/cocos/BIG_wings/assets/game/BigWings/script/lib/BaseDataModel.ts from cce:/internal/x/prerequisite-imports as file:///D:/bbin/cocos/BIG_wings/assets/game/BigWings/script/lib/BaseDataModel.ts.
debug: Resolve file:///D:/bbin/cocos/BIG_wings/assets/game/BigWings/script/lib/BaseGame.ts from cce:/internal/x/prerequisite-imports as file:///D:/bbin/cocos/BIG_wings/assets/game/BigWings/script/lib/BaseGame.ts.
debug: Resolve cc from file:///D:/bbin/cocos/BIG_wings/assets/game/BigWings/script/lib/BaseGame.ts as cce:/internal/x/cc.
debug: Resolve file:///D:/bbin/cocos/BIG_wings/assets/game/BigWings/script/lib/BaseModel.ts from cce:/internal/x/prerequisite-imports as file:///D:/bbin/cocos/BIG_wings/assets/game/BigWings/script/lib/BaseModel.ts.
debug: Resolve file:///D:/bbin/cocos/BIG_wings/assets/game/BigWings/script/lib/BasePresenter.ts from cce:/internal/x/prerequisite-imports as file:///D:/bbin/cocos/BIG_wings/assets/game/BigWings/script/lib/BasePresenter.ts.
debug: Resolve file:///D:/bbin/cocos/BIG_wings/assets/game/BigWings/script/lib/BaseView.ts from cce:/internal/x/prerequisite-imports as file:///D:/bbin/cocos/BIG_wings/assets/game/BigWings/script/lib/BaseView.ts.
debug: Resolve file:///D:/bbin/cocos/BIG_wings/assets/game/BigWings/script/lib/RecvMessage.ts from cce:/internal/x/prerequisite-imports as file:///D:/bbin/cocos/BIG_wings/assets/game/BigWings/script/lib/RecvMessage.ts.
debug: Resolve file:///D:/bbin/cocos/BIG_wings/assets/game/BigWings/script/lib/SendMessage.ts from cce:/internal/x/prerequisite-imports as file:///D:/bbin/cocos/BIG_wings/assets/game/BigWings/script/lib/SendMessage.ts.
debug: Resolve file:///D:/bbin/cocos/BIG_wings/assets/game/BigWings/script/lib/UtilsKit.ts from cce:/internal/x/prerequisite-imports as file:///D:/bbin/cocos/BIG_wings/assets/game/BigWings/script/lib/UtilsKit.ts.
debug: Resolve file:///D:/bbin/cocos/BIG_wings/assets/game/BigWings/script/mock/MockData.ts from cce:/internal/x/prerequisite-imports as file:///D:/bbin/cocos/BIG_wings/assets/game/BigWings/script/mock/MockData.ts.
debug: Resolve file:///D:/bbin/cocos/BIG_wings/assets/game/BigWings/script/tools/ElementPoolManager.ts from cce:/internal/x/prerequisite-imports as file:///D:/bbin/cocos/BIG_wings/assets/game/BigWings/script/tools/ElementPoolManager.ts.
debug: Resolve cc from file:///D:/bbin/cocos/BIG_wings/assets/game/BigWings/script/tools/ElementPoolManager.ts as cce:/internal/x/cc.
debug: Resolve file:///D:/bbin/cocos/BIG_wings/assets/game/BigWings/script/tools/InstanceBase.ts from cce:/internal/x/prerequisite-imports as file:///D:/bbin/cocos/BIG_wings/assets/game/BigWings/script/tools/InstanceBase.ts.
debug: Resolve file:///D:/bbin/cocos/BIG_wings/assets/game/BigWings/script/tools/ObjectPool.ts from cce:/internal/x/prerequisite-imports as file:///D:/bbin/cocos/BIG_wings/assets/game/BigWings/script/tools/ObjectPool.ts.
debug: Resolve file:///D:/bbin/cocos/BIG_wings/assets/game/BigWings/script/tools/PrefabInstancePoolManager.ts from cce:/internal/x/prerequisite-imports as file:///D:/bbin/cocos/BIG_wings/assets/game/BigWings/script/tools/PrefabInstancePoolManager.ts.
debug: Resolve file:///D:/bbin/cocos/BIG_wings/assets/game/BigWings/script/tools/Resize.ts from cce:/internal/x/prerequisite-imports as file:///D:/bbin/cocos/BIG_wings/assets/game/BigWings/script/tools/Resize.ts.
debug: Resolve file:///D:/bbin/cocos/BIG_wings/assets/game/BigWings/script/tools/audio/AudioMgr.ts from cce:/internal/x/prerequisite-imports as file:///D:/bbin/cocos/BIG_wings/assets/game/BigWings/script/tools/audio/AudioMgr.ts.
debug: Resolve file:///D:/bbin/cocos/BIG_wings/assets/game/BigWings/script/tools/audio/AudioUnit.ts from cce:/internal/x/prerequisite-imports as file:///D:/bbin/cocos/BIG_wings/assets/game/BigWings/script/tools/audio/AudioUnit.ts.
debug: Resolve file:///D:/bbin/cocos/BIG_wings/assets/game/BigWings/script/tools/audio/IPlayConfig.ts from cce:/internal/x/prerequisite-imports as file:///D:/bbin/cocos/BIG_wings/assets/game/BigWings/script/tools/audio/IPlayConfig.ts.
debug: Resolve cc from file:///D:/bbin/cocos/BIG_wings/assets/game/BigWings/script/tools/audio/IPlayConfig.ts as cce:/internal/x/cc.
debug: Resolve file:///D:/bbin/cocos/BIG_wings/assets/game/BigWings/script/wheel/BigWingsRoller.ts from cce:/internal/x/prerequisite-imports as file:///D:/bbin/cocos/BIG_wings/assets/game/BigWings/script/wheel/BigWingsRoller.ts.
debug: Resolve file:///D:/bbin/cocos/BIG_wings/assets/game/BigWings/script/wheel/BigWingsSymbol.ts from cce:/internal/x/prerequisite-imports as file:///D:/bbin/cocos/BIG_wings/assets/game/BigWings/script/wheel/BigWingsSymbol.ts.
debug: Resolve file:///D:/bbin/cocos/BIG_wings/assets/game/BigWings/script/wheel/BigWingsWheel.ts from cce:/internal/x/prerequisite-imports as file:///D:/bbin/cocos/BIG_wings/assets/game/BigWings/script/wheel/BigWingsWheel.ts.
debug: Resolve cce:/internal/code-quality/cr.mjs from file:///D:/bbin/cocos/BIG_wings/assets/game/BigWings/script/wheel/BigWingsWheel.ts as cce:/internal/code-quality/cr.mjs.
debug: Resolve cc from file:///D:/bbin/cocos/BIG_wings/assets/game/BigWings/script/wheel/BigWingsWheel.ts as cce:/internal/x/cc.
debug: Resolve cc from file:///D:/bbin/cocos/BIG_wings/assets/game/BigWings/script/wheel/BigWingsWheel.ts as cce:/internal/x/cc.
debug: Resolve cc from file:///D:/bbin/cocos/BIG_wings/assets/game/BigWings/script/wheel/BigWingsWheel.ts as cce:/internal/x/cc.
debug: Resolve ./BigWingsSymbol from file:///D:/bbin/cocos/BIG_wings/assets/game/BigWings/script/wheel/BigWingsWheel.ts as file:///D:/bbin/cocos/BIG_wings/assets/game/BigWings/script/wheel/BigWingsSymbol.ts.
debug: Resolve ../tools/PrefabInstancePoolManager from file:///D:/bbin/cocos/BIG_wings/assets/game/BigWings/script/wheel/BigWingsWheel.ts as file:///D:/bbin/cocos/BIG_wings/assets/game/BigWings/script/tools/PrefabInstancePoolManager.ts.
debug: Resolve ./SlotWheel from file:///D:/bbin/cocos/BIG_wings/assets/game/BigWings/script/wheel/BigWingsWheel.ts as file:///D:/bbin/cocos/BIG_wings/assets/game/BigWings/script/wheel/SlotWheel.ts.
debug: Resolve ../components/GameManager from file:///D:/bbin/cocos/BIG_wings/assets/game/BigWings/script/wheel/BigWingsWheel.ts as file:///D:/bbin/cocos/BIG_wings/assets/game/BigWings/script/components/GameManager.ts.
debug: Resolve file:///D:/bbin/cocos/BIG_wings/assets/game/BigWings/script/wheel/LineRope.ts from cce:/internal/x/prerequisite-imports as file:///D:/bbin/cocos/BIG_wings/assets/game/BigWings/script/wheel/LineRope.ts.
debug: Resolve file:///D:/bbin/cocos/BIG_wings/assets/game/BigWings/script/wheel/Roller.ts from cce:/internal/x/prerequisite-imports as file:///D:/bbin/cocos/BIG_wings/assets/game/BigWings/script/wheel/Roller.ts.
debug: Resolve file:///D:/bbin/cocos/BIG_wings/assets/game/BigWings/script/wheel/SlotWheel.ts from cce:/internal/x/prerequisite-imports as file:///D:/bbin/cocos/BIG_wings/assets/game/BigWings/script/wheel/SlotWheel.ts.
debug: Resolve file:///D:/bbin/cocos/BIG_wings/assets/game/BigWings/script/wheel/SymbolInfo.ts from cce:/internal/x/prerequisite-imports as file:///D:/bbin/cocos/BIG_wings/assets/game/BigWings/script/wheel/SymbolInfo.ts.
debug: Resolve file:///D:/bbin/cocos/BIG_wings/assets/game/BigWings/script/wheel/SymbolItem.ts from cce:/internal/x/prerequisite-imports as file:///D:/bbin/cocos/BIG_wings/assets/game/BigWings/script/wheel/SymbolItem.ts.
debug: Resolve file:///D:/bbin/cocos/BIG_wings/assets/game/BigWings/script/wheel/SymbolSpine.ts from cce:/internal/x/prerequisite-imports as file:///D:/bbin/cocos/BIG_wings/assets/game/BigWings/script/wheel/SymbolSpine.ts.
debug: Resolve cce:/internal/code-quality/cr.mjs from file:///D:/bbin/cocos/BIG_wings/assets/game/BigWings/script/wheel/SymbolSpine.ts as cce:/internal/code-quality/cr.mjs.
debug: Resolve cc from file:///D:/bbin/cocos/BIG_wings/assets/game/BigWings/script/wheel/SymbolSpine.ts as cce:/internal/x/cc.
debug: Resolve cc from file:///D:/bbin/cocos/BIG_wings/assets/game/BigWings/script/wheel/SymbolSpine.ts as cce:/internal/x/cc.
debug: Resolve cc from file:///D:/bbin/cocos/BIG_wings/assets/game/BigWings/script/wheel/SymbolSpine.ts as cce:/internal/x/cc.
debug: Resolve ./BigWingsWheel from file:///D:/bbin/cocos/BIG_wings/assets/game/BigWings/script/wheel/SymbolSpine.ts as file:///D:/bbin/cocos/BIG_wings/assets/game/BigWings/script/wheel/BigWingsWheel.ts.
debug: Resolve ./BigWingsRoller from file:///D:/bbin/cocos/BIG_wings/assets/game/BigWings/script/wheel/SymbolSpine.ts as file:///D:/bbin/cocos/BIG_wings/assets/game/BigWings/script/wheel/BigWingsRoller.ts.
debug: Resolve ./BigWingsSymbol from file:///D:/bbin/cocos/BIG_wings/assets/game/BigWings/script/wheel/SymbolSpine.ts as file:///D:/bbin/cocos/BIG_wings/assets/game/BigWings/script/wheel/BigWingsSymbol.ts.
debug: Resolve ../tools/PrefabInstancePoolManager from file:///D:/bbin/cocos/BIG_wings/assets/game/BigWings/script/wheel/SymbolSpine.ts as file:///D:/bbin/cocos/BIG_wings/assets/game/BigWings/script/tools/PrefabInstancePoolManager.ts.
debug: Resolve file:///D:/bbin/cocos/BIG_wings/assets/techArt/common/script/poolHandler.ts from cce:/internal/x/prerequisite-imports as file:///D:/bbin/cocos/BIG_wings/assets/techArt/common/script/poolHandler.ts.
debug: Resolve cc from file:///D:/bbin/cocos/BIG_wings/assets/techArt/common/script/poolHandler.ts as cce:/internal/x/cc.
debug: Resolve cc from file:///D:/bbin/cocos/BIG_wings/assets/techArt/common/script/poolHandler.ts as cce:/internal/x/cc.
debug: Resolve cc from file:///D:/bbin/cocos/BIG_wings/assets/techArt/common/script/poolHandler.ts as cce:/internal/x/cc.
debug: Resolve file:///D:/bbin/cocos/BIG_wings/assets/techArt/game/mahjong/script/demoInfo_TA.ts from cce:/internal/x/prerequisite-imports as file:///D:/bbin/cocos/BIG_wings/assets/techArt/game/mahjong/script/demoInfo_TA.ts.
debug: Resolve cc from file:///D:/bbin/cocos/BIG_wings/assets/techArt/game/mahjong/script/demoInfo_TA.ts as cce:/internal/x/cc.
debug: Resolve cc from file:///D:/bbin/cocos/BIG_wings/assets/techArt/game/mahjong/script/demoInfo_TA.ts as cce:/internal/x/cc.
debug: Resolve cc from file:///D:/bbin/cocos/BIG_wings/assets/techArt/game/mahjong/script/demoInfo_TA.ts as cce:/internal/x/cc.
debug: Resolve file:///D:/bbin/cocos/BIG_wings/assets/techArt/game/mahjong/script/loading_Test.ts from cce:/internal/x/prerequisite-imports as file:///D:/bbin/cocos/BIG_wings/assets/techArt/game/mahjong/script/loading_Test.ts.
debug: Resolve cc from file:///D:/bbin/cocos/BIG_wings/assets/techArt/game/mahjong/script/loading_Test.ts as cce:/internal/x/cc.
debug: Resolve cc from file:///D:/bbin/cocos/BIG_wings/assets/techArt/game/mahjong/script/loading_Test.ts as cce:/internal/x/cc.
debug: Resolve cc from file:///D:/bbin/cocos/BIG_wings/assets/techArt/game/mahjong/script/loading_Test.ts as cce:/internal/x/cc.
debug: Resolve file:///D:/bbin/cocos/BIG_wings/assets/techArt/game/mahjong/script/mahjong_TA.ts from cce:/internal/x/prerequisite-imports as file:///D:/bbin/cocos/BIG_wings/assets/techArt/game/mahjong/script/mahjong_TA.ts.
debug: Resolve cce:/internal/code-quality/cr.mjs from file:///D:/bbin/cocos/BIG_wings/assets/techArt/game/mahjong/script/mahjong_TA.ts as cce:/internal/code-quality/cr.mjs.
debug: Resolve cc from file:///D:/bbin/cocos/BIG_wings/assets/techArt/game/mahjong/script/mahjong_TA.ts as cce:/internal/x/cc.
debug: Resolve cc from file:///D:/bbin/cocos/BIG_wings/assets/techArt/game/mahjong/script/mahjong_TA.ts as cce:/internal/x/cc.
debug: Resolve cc from file:///D:/bbin/cocos/BIG_wings/assets/techArt/game/mahjong/script/mahjong_TA.ts as cce:/internal/x/cc.
debug: Resolve ../../../common/script/poolHandler from file:///D:/bbin/cocos/BIG_wings/assets/techArt/game/mahjong/script/mahjong_TA.ts as file:///D:/bbin/cocos/BIG_wings/assets/techArt/common/script/poolHandler.ts.
debug: Resolve ./demoInfo_TA from file:///D:/bbin/cocos/BIG_wings/assets/techArt/game/mahjong/script/mahjong_TA.ts as file:///D:/bbin/cocos/BIG_wings/assets/techArt/game/mahjong/script/demoInfo_TA.ts.
debug: Resolve ./symbolResource_TA from file:///D:/bbin/cocos/BIG_wings/assets/techArt/game/mahjong/script/mahjong_TA.ts as file:///D:/bbin/cocos/BIG_wings/assets/techArt/game/mahjong/script/symbolResource_TA.ts.
debug: Resolve ./symbolSetting_TA from file:///D:/bbin/cocos/BIG_wings/assets/techArt/game/mahjong/script/mahjong_TA.ts as file:///D:/bbin/cocos/BIG_wings/assets/techArt/game/mahjong/script/symbolSetting_TA.ts.
debug: Resolve cce:/internal/code-quality/cr.mjs from file:///D:/bbin/cocos/BIG_wings/assets/techArt/game/mahjong/script/symbolSetting_TA.ts as cce:/internal/code-quality/cr.mjs.
debug: Resolve cc from file:///D:/bbin/cocos/BIG_wings/assets/techArt/game/mahjong/script/symbolSetting_TA.ts as cce:/internal/x/cc.
debug: Resolve cc from file:///D:/bbin/cocos/BIG_wings/assets/techArt/game/mahjong/script/symbolSetting_TA.ts as cce:/internal/x/cc.
debug: Resolve cc from file:///D:/bbin/cocos/BIG_wings/assets/techArt/game/mahjong/script/symbolSetting_TA.ts as cce:/internal/x/cc.
debug: Resolve ./symbolResource_TA from file:///D:/bbin/cocos/BIG_wings/assets/techArt/game/mahjong/script/symbolSetting_TA.ts as file:///D:/bbin/cocos/BIG_wings/assets/techArt/game/mahjong/script/symbolResource_TA.ts.
debug: Resolve ./symbolSet_TA from file:///D:/bbin/cocos/BIG_wings/assets/techArt/game/mahjong/script/mahjong_TA.ts as file:///D:/bbin/cocos/BIG_wings/assets/techArt/game/mahjong/script/symbolSet_TA.ts.
debug: Resolve ./symbolWin_TA from file:///D:/bbin/cocos/BIG_wings/assets/techArt/game/mahjong/script/mahjong_TA.ts as file:///D:/bbin/cocos/BIG_wings/assets/techArt/game/mahjong/script/symbolWin_TA.ts.
debug: Resolve cce:/internal/code-quality/cr.mjs from file:///D:/bbin/cocos/BIG_wings/assets/techArt/game/mahjong/script/symbolWin_TA.ts as cce:/internal/code-quality/cr.mjs.
debug: Resolve cc from file:///D:/bbin/cocos/BIG_wings/assets/techArt/game/mahjong/script/symbolWin_TA.ts as cce:/internal/x/cc.
debug: Resolve cc from file:///D:/bbin/cocos/BIG_wings/assets/techArt/game/mahjong/script/symbolWin_TA.ts as cce:/internal/x/cc.
debug: Resolve cc from file:///D:/bbin/cocos/BIG_wings/assets/techArt/game/mahjong/script/symbolWin_TA.ts as cce:/internal/x/cc.
debug: Resolve ./symbolResource_TA from file:///D:/bbin/cocos/BIG_wings/assets/techArt/game/mahjong/script/symbolWin_TA.ts as file:///D:/bbin/cocos/BIG_wings/assets/techArt/game/mahjong/script/symbolResource_TA.ts.
debug: Resolve file:///D:/bbin/cocos/BIG_wings/assets/techArt/game/mahjong/script/symbolResource_TA.ts from cce:/internal/x/prerequisite-imports as file:///D:/bbin/cocos/BIG_wings/assets/techArt/game/mahjong/script/symbolResource_TA.ts.
debug: Resolve file:///D:/bbin/cocos/BIG_wings/assets/techArt/game/mahjong/script/symbolSet_TA.ts from cce:/internal/x/prerequisite-imports as file:///D:/bbin/cocos/BIG_wings/assets/techArt/game/mahjong/script/symbolSet_TA.ts.
debug: Resolve file:///D:/bbin/cocos/BIG_wings/assets/techArt/game/mahjong/script/symbolSetting_TA.ts from cce:/internal/x/prerequisite-imports as file:///D:/bbin/cocos/BIG_wings/assets/techArt/game/mahjong/script/symbolSetting_TA.ts.
debug: Resolve file:///D:/bbin/cocos/BIG_wings/assets/techArt/game/mahjong/script/symbolWin_TA.ts from cce:/internal/x/prerequisite-imports as file:///D:/bbin/cocos/BIG_wings/assets/techArt/game/mahjong/script/symbolWin_TA.ts.
debug: Resolve file:///D:/bbin/cocos/BIG_wings/assets/techArt/test/script/coinDropAnim.ts from cce:/internal/x/prerequisite-imports as file:///D:/bbin/cocos/BIG_wings/assets/techArt/test/script/coinDropAnim.ts.
debug: Resolve cc from file:///D:/bbin/cocos/BIG_wings/assets/techArt/test/script/coinDropAnim.ts as cce:/internal/x/cc.
debug: Resolve cc from file:///D:/bbin/cocos/BIG_wings/assets/techArt/test/script/coinDropAnim.ts as cce:/internal/x/cc.
debug: Resolve cc from file:///D:/bbin/cocos/BIG_wings/assets/techArt/test/script/coinDropAnim.ts as cce:/internal/x/cc.
debug: Resolve file:///D:/bbin/cocos/BIG_wings/assets/techArt/test/script/coinsInflux.ts from cce:/internal/x/prerequisite-imports as file:///D:/bbin/cocos/BIG_wings/assets/techArt/test/script/coinsInflux.ts.
debug: Resolve cc from file:///D:/bbin/cocos/BIG_wings/assets/techArt/test/script/coinsInflux.ts as cce:/internal/x/cc.
debug: Resolve cc from file:///D:/bbin/cocos/BIG_wings/assets/techArt/test/script/coinsInflux.ts as cce:/internal/x/cc.
debug: Resolve cc from file:///D:/bbin/cocos/BIG_wings/assets/techArt/test/script/coinsInflux.ts as cce:/internal/x/cc.
debug: Resolve file:///D:/bbin/cocos/BIG_wings/assets/techArt/test/script/common_TA.ts from cce:/internal/x/prerequisite-imports as file:///D:/bbin/cocos/BIG_wings/assets/techArt/test/script/common_TA.ts.
debug: Resolve cc from file:///D:/bbin/cocos/BIG_wings/assets/techArt/test/script/common_TA.ts as cce:/internal/x/cc.
debug: Resolve cc from file:///D:/bbin/cocos/BIG_wings/assets/techArt/test/script/common_TA.ts as cce:/internal/x/cc.
debug: Resolve cc from file:///D:/bbin/cocos/BIG_wings/assets/techArt/test/script/common_TA.ts as cce:/internal/x/cc.
debug: Resolve file:///D:/bbin/cocos/BIG_wings/assets/techArt/test/script/creat.ts from cce:/internal/x/prerequisite-imports as file:///D:/bbin/cocos/BIG_wings/assets/techArt/test/script/creat.ts.
debug: Resolve cc from file:///D:/bbin/cocos/BIG_wings/assets/techArt/test/script/creat.ts as cce:/internal/x/cc.
debug: Resolve cc from file:///D:/bbin/cocos/BIG_wings/assets/techArt/test/script/creat.ts as cce:/internal/x/cc.
debug: Resolve cc from file:///D:/bbin/cocos/BIG_wings/assets/techArt/test/script/creat.ts as cce:/internal/x/cc.
debug: Resolve file:///D:/bbin/cocos/BIG_wings/assets/techArt/test/script/enableTest.ts from cce:/internal/x/prerequisite-imports as file:///D:/bbin/cocos/BIG_wings/assets/techArt/test/script/enableTest.ts.
debug: Resolve cc from file:///D:/bbin/cocos/BIG_wings/assets/techArt/test/script/enableTest.ts as cce:/internal/x/cc.
debug: Resolve cc from file:///D:/bbin/cocos/BIG_wings/assets/techArt/test/script/enableTest.ts as cce:/internal/x/cc.
debug: Resolve cc from file:///D:/bbin/cocos/BIG_wings/assets/techArt/test/script/enableTest.ts as cce:/internal/x/cc.
debug: Resolve file:///D:/bbin/cocos/BIG_wings/assets/techArt/test/script/prefabInit_TA.ts from cce:/internal/x/prerequisite-imports as file:///D:/bbin/cocos/BIG_wings/assets/techArt/test/script/prefabInit_TA.ts.
debug: Resolve cc from file:///D:/bbin/cocos/BIG_wings/assets/techArt/test/script/prefabInit_TA.ts as cce:/internal/x/cc.
debug: Resolve cc from file:///D:/bbin/cocos/BIG_wings/assets/techArt/test/script/prefabInit_TA.ts as cce:/internal/x/cc.
debug: Resolve cc from file:///D:/bbin/cocos/BIG_wings/assets/techArt/test/script/prefabInit_TA.ts as cce:/internal/x/cc.
debug: Resolve file:///D:/bbin/cocos/BIG_wings/assets/techArt/test/script/responsiveBg_TA.ts from cce:/internal/x/prerequisite-imports as file:///D:/bbin/cocos/BIG_wings/assets/techArt/test/script/responsiveBg_TA.ts.
debug: Resolve cc from file:///D:/bbin/cocos/BIG_wings/assets/techArt/test/script/responsiveBg_TA.ts as cce:/internal/x/cc.
debug: Resolve cc from file:///D:/bbin/cocos/BIG_wings/assets/techArt/test/script/responsiveBg_TA.ts as cce:/internal/x/cc.
debug: Resolve cc from file:///D:/bbin/cocos/BIG_wings/assets/techArt/test/script/responsiveBg_TA.ts as cce:/internal/x/cc.
debug: Resolve cc/env from file:///D:/bbin/cocos/BIG_wings/assets/techArt/test/script/responsiveBg_TA.ts as external dependency cc/env.
debug: Resolve file:///D:/bbin/cocos/BIG_wings/assets/techArt/test/script/symbolInfo_TA.ts from cce:/internal/x/prerequisite-imports as file:///D:/bbin/cocos/BIG_wings/assets/techArt/test/script/symbolInfo_TA.ts.
debug: Resolve cc from file:///D:/bbin/cocos/BIG_wings/assets/techArt/test/script/symbolInfo_TA.ts as cce:/internal/x/cc.
debug: Resolve cc from file:///D:/bbin/cocos/BIG_wings/assets/techArt/test/script/symbolInfo_TA.ts as cce:/internal/x/cc.
debug: Resolve cc from file:///D:/bbin/cocos/BIG_wings/assets/techArt/test/script/symbolInfo_TA.ts as cce:/internal/x/cc.
debug: Resolve file:///D:/bbin/cocos/BIG_wings/assets/techArt/test/script/tipMove_TA.ts from cce:/internal/x/prerequisite-imports as file:///D:/bbin/cocos/BIG_wings/assets/techArt/test/script/tipMove_TA.ts.
debug: Resolve cc from file:///D:/bbin/cocos/BIG_wings/assets/techArt/test/script/tipMove_TA.ts as cce:/internal/x/cc.
debug: Resolve cc from file:///D:/bbin/cocos/BIG_wings/assets/techArt/test/script/tipMove_TA.ts as cce:/internal/x/cc.
debug: Resolve cc from file:///D:/bbin/cocos/BIG_wings/assets/techArt/test/script/tipMove_TA.ts as cce:/internal/x/cc.
debug: Target(preview) ends with cost 221.68610000610352ms.
debug: Pulling asset-db.
debug: Fetch asset-db cost: 403.3270999789238ms.
debug: Build iteration starts.
Number of accumulated asset changes: 128
Feature changed: false
debug: Target(editor) build started.
debug: Detected change: cce:/internal/x/prerequisite-imports. Last mtime: Thu Jan 01 1970 08:00:10 GMT+0800 (台北標準時間), Current mtime: Thu Jan 01 1970 08:00:18 GMT+0800 (台北標準時間)
debug: Inspect cce:/internal/x/prerequisite-imports
debug: Resolve file:///C:/ProgramData/cocos/editors/Creator/3.8.1/resources/resources/3d/engine/editor/assets/tools/debug-view-runtime-control.ts from cce:/internal/x/prerequisite-imports as file:///C:/ProgramData/cocos/editors/Creator/3.8.1/resources/resources/3d/engine/editor/assets/tools/debug-view-runtime-control.ts.
debug: Resolve file:///D:/bbin/cocos/BIG_wings/assets/common/script/anim/particle2DAutoSwitch.ts from cce:/internal/x/prerequisite-imports as file:///D:/bbin/cocos/BIG_wings/assets/common/script/anim/particle2DAutoSwitch.ts.
debug: Resolve file:///D:/bbin/cocos/BIG_wings/assets/common/script/anim/playAnimOnEnable.ts from cce:/internal/x/prerequisite-imports as file:///D:/bbin/cocos/BIG_wings/assets/common/script/anim/playAnimOnEnable.ts.
debug: Resolve file:///D:/bbin/cocos/BIG_wings/assets/common/script/anim/spinePlayOnEnable.ts from cce:/internal/x/prerequisite-imports as file:///D:/bbin/cocos/BIG_wings/assets/common/script/anim/spinePlayOnEnable.ts.
debug: Resolve file:///D:/bbin/cocos/BIG_wings/assets/common/script/ui/CustomizedButton.ts from cce:/internal/x/prerequisite-imports as file:///D:/bbin/cocos/BIG_wings/assets/common/script/ui/CustomizedButton.ts.
debug: Resolve file:///D:/bbin/cocos/BIG_wings/assets/common/script/ui/customButton.ts from cce:/internal/x/prerequisite-imports as file:///D:/bbin/cocos/BIG_wings/assets/common/script/ui/customButton.ts.
debug: Resolve file:///D:/bbin/cocos/BIG_wings/assets/common/script/ui/customToggle.ts from cce:/internal/x/prerequisite-imports as file:///D:/bbin/cocos/BIG_wings/assets/common/script/ui/customToggle.ts.
debug: Resolve file:///D:/bbin/cocos/BIG_wings/assets/game/BigWings/script/Applicaiton.ts from cce:/internal/x/prerequisite-imports as file:///D:/bbin/cocos/BIG_wings/assets/game/BigWings/script/Applicaiton.ts.
debug: Resolve file:///D:/bbin/cocos/BIG_wings/assets/game/BigWings/script/SoundController.ts from cce:/internal/x/prerequisite-imports as file:///D:/bbin/cocos/BIG_wings/assets/game/BigWings/script/SoundController.ts.
debug: Resolve file:///D:/bbin/cocos/BIG_wings/assets/game/BigWings/script/components/AlertPanel.ts from cce:/internal/x/prerequisite-imports as file:///D:/bbin/cocos/BIG_wings/assets/game/BigWings/script/components/AlertPanel.ts.
debug: Resolve file:///D:/bbin/cocos/BIG_wings/assets/game/BigWings/script/components/AutoSetPanel.ts from cce:/internal/x/prerequisite-imports as file:///D:/bbin/cocos/BIG_wings/assets/game/BigWings/script/components/AutoSetPanel.ts.
debug: Resolve file:///D:/bbin/cocos/BIG_wings/assets/game/BigWings/script/components/BaseAutoSet.ts from cce:/internal/x/prerequisite-imports as file:///D:/bbin/cocos/BIG_wings/assets/game/BigWings/script/components/BaseAutoSet.ts.
debug: Resolve file:///D:/bbin/cocos/BIG_wings/assets/game/BigWings/script/components/BetSetPanel.ts from cce:/internal/x/prerequisite-imports as file:///D:/bbin/cocos/BIG_wings/assets/game/BigWings/script/components/BetSetPanel.ts.
debug: Resolve file:///D:/bbin/cocos/BIG_wings/assets/game/BigWings/script/components/BigWin.ts from cce:/internal/x/prerequisite-imports as file:///D:/bbin/cocos/BIG_wings/assets/game/BigWings/script/components/BigWin.ts.
debug: Resolve file:///D:/bbin/cocos/BIG_wings/assets/game/BigWings/script/components/BigWingsCommand.ts from cce:/internal/x/prerequisite-imports as file:///D:/bbin/cocos/BIG_wings/assets/game/BigWings/script/components/BigWingsCommand.ts.
debug: Resolve file:///D:/bbin/cocos/BIG_wings/assets/game/BigWings/script/components/BigWingsPresenter.ts from cce:/internal/x/prerequisite-imports as file:///D:/bbin/cocos/BIG_wings/assets/game/BigWings/script/components/BigWingsPresenter.ts.
debug: Resolve file:///D:/bbin/cocos/BIG_wings/assets/game/BigWings/script/components/BigWingsView.ts from cce:/internal/x/prerequisite-imports as file:///D:/bbin/cocos/BIG_wings/assets/game/BigWings/script/components/BigWingsView.ts.
debug: Resolve file:///D:/bbin/cocos/BIG_wings/assets/game/BigWings/script/components/BuyFreeGamePanel.ts from cce:/internal/x/prerequisite-imports as file:///D:/bbin/cocos/BIG_wings/assets/game/BigWings/script/components/BuyFreeGamePanel.ts.
debug: Resolve file:///D:/bbin/cocos/BIG_wings/assets/game/BigWings/script/components/CalculationCupboard.ts from cce:/internal/x/prerequisite-imports as file:///D:/bbin/cocos/BIG_wings/assets/game/BigWings/script/components/CalculationCupboard.ts.
debug: Resolve file:///D:/bbin/cocos/BIG_wings/assets/game/BigWings/script/components/ExchangePanel.ts from cce:/internal/x/prerequisite-imports as file:///D:/bbin/cocos/BIG_wings/assets/game/BigWings/script/components/ExchangePanel.ts.
debug: Resolve file:///D:/bbin/cocos/BIG_wings/assets/game/BigWings/script/components/GamblePanel.ts from cce:/internal/x/prerequisite-imports as file:///D:/bbin/cocos/BIG_wings/assets/game/BigWings/script/components/GamblePanel.ts.
debug: Resolve file:///D:/bbin/cocos/BIG_wings/assets/game/BigWings/script/components/GameCommand.ts from cce:/internal/x/prerequisite-imports as file:///D:/bbin/cocos/BIG_wings/assets/game/BigWings/script/components/GameCommand.ts.
debug: Resolve file:///D:/bbin/cocos/BIG_wings/assets/game/BigWings/script/components/GameManager.ts from cce:/internal/x/prerequisite-imports as file:///D:/bbin/cocos/BIG_wings/assets/game/BigWings/script/components/GameManager.ts.
debug: Resolve file:///D:/bbin/cocos/BIG_wings/assets/game/BigWings/script/components/Info.ts from cce:/internal/x/prerequisite-imports as file:///D:/bbin/cocos/BIG_wings/assets/game/BigWings/script/components/Info.ts.
debug: Resolve file:///D:/bbin/cocos/BIG_wings/assets/game/BigWings/script/components/LineInfo.ts from cce:/internal/x/prerequisite-imports as file:///D:/bbin/cocos/BIG_wings/assets/game/BigWings/script/components/LineInfo.ts.
debug: Resolve file:///D:/bbin/cocos/BIG_wings/assets/game/BigWings/script/components/LineInfoSprite.ts from cce:/internal/x/prerequisite-imports as file:///D:/bbin/cocos/BIG_wings/assets/game/BigWings/script/components/LineInfoSprite.ts.
debug: Resolve file:///D:/bbin/cocos/BIG_wings/assets/game/BigWings/script/components/MainGame.ts from cce:/internal/x/prerequisite-imports as file:///D:/bbin/cocos/BIG_wings/assets/game/BigWings/script/components/MainGame.ts.
debug: Resolve file:///D:/bbin/cocos/BIG_wings/assets/game/BigWings/script/components/SettingsPanel.ts from cce:/internal/x/prerequisite-imports as file:///D:/bbin/cocos/BIG_wings/assets/game/BigWings/script/components/SettingsPanel.ts.
debug: Resolve file:///D:/bbin/cocos/BIG_wings/assets/game/BigWings/script/components/TextureLineGraphics/script/TextureLineGraphics.ts from cce:/internal/x/prerequisite-imports as file:///D:/bbin/cocos/BIG_wings/assets/game/BigWings/script/components/TextureLineGraphics/script/TextureLineGraphics.ts.
debug: Resolve file:///D:/bbin/cocos/BIG_wings/assets/game/BigWings/script/components/TextureLineGraphics/script/earcut.ts from cce:/internal/x/prerequisite-imports as file:///D:/bbin/cocos/BIG_wings/assets/game/BigWings/script/components/TextureLineGraphics/script/earcut.ts.
debug: Resolve file:///D:/bbin/cocos/BIG_wings/assets/game/BigWings/script/components/WinAndMarquee.ts from cce:/internal/x/prerequisite-imports as file:///D:/bbin/cocos/BIG_wings/assets/game/BigWings/script/components/WinAndMarquee.ts.
debug: Resolve file:///D:/bbin/cocos/BIG_wings/assets/game/BigWings/script/components/scoreGridMarquee.ts from cce:/internal/x/prerequisite-imports as file:///D:/bbin/cocos/BIG_wings/assets/game/BigWings/script/components/scoreGridMarquee.ts.
debug: Resolve file:///D:/bbin/cocos/BIG_wings/assets/game/BigWings/script/framework/mvc/index.ts from cce:/internal/x/prerequisite-imports as file:///D:/bbin/cocos/BIG_wings/assets/game/BigWings/script/framework/mvc/index.ts.
debug: Resolve file:///D:/bbin/cocos/BIG_wings/assets/game/BigWings/script/framework/mvc/src/connection/connector/Connector.ts from cce:/internal/x/prerequisite-imports as file:///D:/bbin/cocos/BIG_wings/assets/game/BigWings/script/framework/mvc/src/connection/connector/Connector.ts.
debug: Resolve file:///D:/bbin/cocos/BIG_wings/assets/game/BigWings/script/framework/mvc/src/connection/connector/data/Receive/Error.ts from cce:/internal/x/prerequisite-imports as file:///D:/bbin/cocos/BIG_wings/assets/game/BigWings/script/framework/mvc/src/connection/connector/data/Receive/Error.ts.
debug: Resolve file:///D:/bbin/cocos/BIG_wings/assets/game/BigWings/script/framework/mvc/src/connection/connector/data/Receive/index.ts from cce:/internal/x/prerequisite-imports as file:///D:/bbin/cocos/BIG_wings/assets/game/BigWings/script/framework/mvc/src/connection/connector/data/Receive/index.ts.
debug: Resolve file:///D:/bbin/cocos/BIG_wings/assets/game/BigWings/script/framework/mvc/src/connection/connector/data/Receive/onBalanceExchange.ts from cce:/internal/x/prerequisite-imports as file:///D:/bbin/cocos/BIG_wings/assets/game/BigWings/script/framework/mvc/src/connection/connector/data/Receive/onBalanceExchange.ts.
debug: Resolve file:///D:/bbin/cocos/BIG_wings/assets/game/BigWings/script/framework/mvc/src/connection/connector/data/Receive/onBeginGame.ts from cce:/internal/x/prerequisite-imports as file:///D:/bbin/cocos/BIG_wings/assets/game/BigWings/script/framework/mvc/src/connection/connector/data/Receive/onBeginGame.ts.
debug: Resolve file:///D:/bbin/cocos/BIG_wings/assets/game/BigWings/script/framework/mvc/src/connection/connector/data/Receive/onCreditExchange.ts from cce:/internal/x/prerequisite-imports as file:///D:/bbin/cocos/BIG_wings/assets/game/BigWings/script/framework/mvc/src/connection/connector/data/Receive/onCreditExchange.ts.
debug: Resolve file:///D:/bbin/cocos/BIG_wings/assets/game/BigWings/script/framework/mvc/src/connection/connector/data/Receive/onGetMachineDetail.ts from cce:/internal/x/prerequisite-imports as file:///D:/bbin/cocos/BIG_wings/assets/game/BigWings/script/framework/mvc/src/connection/connector/data/Receive/onGetMachineDetail.ts.
debug: Resolve file:///D:/bbin/cocos/BIG_wings/assets/game/BigWings/script/framework/mvc/src/connection/connector/data/Receive/onHitJackpot.ts from cce:/internal/x/prerequisite-imports as file:///D:/bbin/cocos/BIG_wings/assets/game/BigWings/script/framework/mvc/src/connection/connector/data/Receive/onHitJackpot.ts.
debug: Resolve file:///D:/bbin/cocos/BIG_wings/assets/game/BigWings/script/framework/mvc/src/connection/connector/data/Receive/onLogin.ts from cce:/internal/x/prerequisite-imports as file:///D:/bbin/cocos/BIG_wings/assets/game/BigWings/script/framework/mvc/src/connection/connector/data/Receive/onLogin.ts.
debug: Resolve file:///D:/bbin/cocos/BIG_wings/assets/game/BigWings/script/framework/mvc/src/connection/connector/data/Receive/onOnLoadInfo2.ts from cce:/internal/x/prerequisite-imports as file:///D:/bbin/cocos/BIG_wings/assets/game/BigWings/script/framework/mvc/src/connection/connector/data/Receive/onOnLoadInfo2.ts.
debug: Resolve file:///D:/bbin/cocos/BIG_wings/assets/game/BigWings/script/framework/mvc/src/connection/connector/data/Receive/onTakeMachine.ts from cce:/internal/x/prerequisite-imports as file:///D:/bbin/cocos/BIG_wings/assets/game/BigWings/script/framework/mvc/src/connection/connector/data/Receive/onTakeMachine.ts.
debug: Resolve file:///D:/bbin/cocos/BIG_wings/assets/game/BigWings/script/framework/mvc/src/connection/connector/data/Receive/updateJP.ts from cce:/internal/x/prerequisite-imports as file:///D:/bbin/cocos/BIG_wings/assets/game/BigWings/script/framework/mvc/src/connection/connector/data/Receive/updateJP.ts.
debug: Resolve file:///D:/bbin/cocos/BIG_wings/assets/game/BigWings/script/framework/mvc/src/connection/connector/data/Send/creditExchange.ts from cce:/internal/x/prerequisite-imports as file:///D:/bbin/cocos/BIG_wings/assets/game/BigWings/script/framework/mvc/src/connection/connector/data/Send/creditExchange.ts.
debug: Resolve file:///D:/bbin/cocos/BIG_wings/assets/game/BigWings/script/framework/mvc/src/connection/connector/data/Send/loginBySid.ts from cce:/internal/x/prerequisite-imports as file:///D:/bbin/cocos/BIG_wings/assets/game/BigWings/script/framework/mvc/src/connection/connector/data/Send/loginBySid.ts.
debug: Resolve file:///D:/bbin/cocos/BIG_wings/assets/game/BigWings/script/framework/mvc/src/connection/connector/receive/Receive.ts from cce:/internal/x/prerequisite-imports as file:///D:/bbin/cocos/BIG_wings/assets/game/BigWings/script/framework/mvc/src/connection/connector/receive/Receive.ts.
debug: Resolve file:///D:/bbin/cocos/BIG_wings/assets/game/BigWings/script/framework/mvc/src/connection/connector/receive/SeverAction.ts from cce:/internal/x/prerequisite-imports as file:///D:/bbin/cocos/BIG_wings/assets/game/BigWings/script/framework/mvc/src/connection/connector/receive/SeverAction.ts.
debug: Resolve file:///D:/bbin/cocos/BIG_wings/assets/game/BigWings/script/framework/mvc/src/connection/connector/send/ClientAction.ts from cce:/internal/x/prerequisite-imports as file:///D:/bbin/cocos/BIG_wings/assets/game/BigWings/script/framework/mvc/src/connection/connector/send/ClientAction.ts.
debug: Resolve file:///D:/bbin/cocos/BIG_wings/assets/game/BigWings/script/framework/mvc/src/connection/connector/send/Send.ts from cce:/internal/x/prerequisite-imports as file:///D:/bbin/cocos/BIG_wings/assets/game/BigWings/script/framework/mvc/src/connection/connector/send/Send.ts.
debug: Resolve file:///D:/bbin/cocos/BIG_wings/assets/game/BigWings/script/framework/mvc/src/connection/ws/WebSocketCore.ts from cce:/internal/x/prerequisite-imports as file:///D:/bbin/cocos/BIG_wings/assets/game/BigWings/script/framework/mvc/src/connection/ws/WebSocketCore.ts.
debug: Resolve file:///D:/bbin/cocos/BIG_wings/assets/game/BigWings/script/framework/mvc/src/connection/ws/deserializer.ts from cce:/internal/x/prerequisite-imports as file:///D:/bbin/cocos/BIG_wings/assets/game/BigWings/script/framework/mvc/src/connection/ws/deserializer.ts.
debug: Resolve file:///D:/bbin/cocos/BIG_wings/assets/game/BigWings/script/framework/mvc/src/connection/ws/serializer.ts from cce:/internal/x/prerequisite-imports as file:///D:/bbin/cocos/BIG_wings/assets/game/BigWings/script/framework/mvc/src/connection/ws/serializer.ts.
debug: Resolve file:///D:/bbin/cocos/BIG_wings/assets/game/BigWings/script/framework/mvc/src/interface/Alert.ts from cce:/internal/x/prerequisite-imports as file:///D:/bbin/cocos/BIG_wings/assets/game/BigWings/script/framework/mvc/src/interface/Alert.ts.
debug: Resolve file:///D:/bbin/cocos/BIG_wings/assets/game/BigWings/script/framework/mvc/src/interface/Command.ts from cce:/internal/x/prerequisite-imports as file:///D:/bbin/cocos/BIG_wings/assets/game/BigWings/script/framework/mvc/src/interface/Command.ts.
debug: Resolve file:///D:/bbin/cocos/BIG_wings/assets/game/BigWings/script/framework/mvc/src/interface/Costume.ts from cce:/internal/x/prerequisite-imports as file:///D:/bbin/cocos/BIG_wings/assets/game/BigWings/script/framework/mvc/src/interface/Costume.ts.
debug: Resolve file:///D:/bbin/cocos/BIG_wings/assets/game/BigWings/script/framework/mvc/src/interface/Exchange.ts from cce:/internal/x/prerequisite-imports as file:///D:/bbin/cocos/BIG_wings/assets/game/BigWings/script/framework/mvc/src/interface/Exchange.ts.
debug: Resolve file:///D:/bbin/cocos/BIG_wings/assets/game/BigWings/script/framework/mvc/src/interface/Toolbar.ts from cce:/internal/x/prerequisite-imports as file:///D:/bbin/cocos/BIG_wings/assets/game/BigWings/script/framework/mvc/src/interface/Toolbar.ts.
debug: Resolve file:///D:/bbin/cocos/BIG_wings/assets/game/BigWings/script/framework/mvc/src/interface/index.ts from cce:/internal/x/prerequisite-imports as file:///D:/bbin/cocos/BIG_wings/assets/game/BigWings/script/framework/mvc/src/interface/index.ts.
debug: Resolve file:///D:/bbin/cocos/BIG_wings/assets/game/BigWings/script/framework/mvc/src/mvc/controller/Controller.ts from cce:/internal/x/prerequisite-imports as file:///D:/bbin/cocos/BIG_wings/assets/game/BigWings/script/framework/mvc/src/mvc/controller/Controller.ts.
debug: Resolve file:///D:/bbin/cocos/BIG_wings/assets/game/BigWings/script/framework/mvc/src/mvc/model/DataModel.ts from cce:/internal/x/prerequisite-imports as file:///D:/bbin/cocos/BIG_wings/assets/game/BigWings/script/framework/mvc/src/mvc/model/DataModel.ts.
debug: Resolve file:///D:/bbin/cocos/BIG_wings/assets/game/BigWings/script/framework/mvc/src/mvc/model/Model.ts from cce:/internal/x/prerequisite-imports as file:///D:/bbin/cocos/BIG_wings/assets/game/BigWings/script/framework/mvc/src/mvc/model/Model.ts.
debug: Resolve file:///D:/bbin/cocos/BIG_wings/assets/game/BigWings/script/framework/mvc/src/mvc/view/View.ts from cce:/internal/x/prerequisite-imports as file:///D:/bbin/cocos/BIG_wings/assets/game/BigWings/script/framework/mvc/src/mvc/view/View.ts.
debug: Resolve file:///D:/bbin/cocos/BIG_wings/assets/game/BigWings/script/framework/mvc/src/utils/DataEvent.ts from cce:/internal/x/prerequisite-imports as file:///D:/bbin/cocos/BIG_wings/assets/game/BigWings/script/framework/mvc/src/utils/DataEvent.ts.
debug: Resolve file:///D:/bbin/cocos/BIG_wings/assets/game/BigWings/script/framework/share-tools/index.ts from cce:/internal/x/prerequisite-imports as file:///D:/bbin/cocos/BIG_wings/assets/game/BigWings/script/framework/share-tools/index.ts.
debug: Resolve file:///D:/bbin/cocos/BIG_wings/assets/game/BigWings/script/framework/share-tools/src/analysis/PlayerLoaderInfo.ts from cce:/internal/x/prerequisite-imports as file:///D:/bbin/cocos/BIG_wings/assets/game/BigWings/script/framework/share-tools/src/analysis/PlayerLoaderInfo.ts.
debug: Resolve file:///D:/bbin/cocos/BIG_wings/assets/game/BigWings/script/framework/share-tools/src/environment/Cookie.ts from cce:/internal/x/prerequisite-imports as file:///D:/bbin/cocos/BIG_wings/assets/game/BigWings/script/framework/share-tools/src/environment/Cookie.ts.
debug: Resolve file:///D:/bbin/cocos/BIG_wings/assets/game/BigWings/script/framework/share-tools/src/environment/device/AIOBridge.ts from cce:/internal/x/prerequisite-imports as file:///D:/bbin/cocos/BIG_wings/assets/game/BigWings/script/framework/share-tools/src/environment/device/AIOBridge.ts.
debug: Resolve file:///D:/bbin/cocos/BIG_wings/assets/game/BigWings/script/framework/share-tools/src/environment/device/Device.ts from cce:/internal/x/prerequisite-imports as file:///D:/bbin/cocos/BIG_wings/assets/game/BigWings/script/framework/share-tools/src/environment/device/Device.ts.
debug: Resolve file:///D:/bbin/cocos/BIG_wings/assets/game/BigWings/script/framework/share-tools/src/environment/device/FullScreen.ts from cce:/internal/x/prerequisite-imports as file:///D:/bbin/cocos/BIG_wings/assets/game/BigWings/script/framework/share-tools/src/environment/device/FullScreen.ts.
debug: Resolve file:///D:/bbin/cocos/BIG_wings/assets/game/BigWings/script/framework/share-tools/src/environment/device/Orientation.ts from cce:/internal/x/prerequisite-imports as file:///D:/bbin/cocos/BIG_wings/assets/game/BigWings/script/framework/share-tools/src/environment/device/Orientation.ts.
debug: Resolve file:///D:/bbin/cocos/BIG_wings/assets/game/BigWings/script/framework/share-tools/src/environment/device/UBBrowserChecker.ts from cce:/internal/x/prerequisite-imports as file:///D:/bbin/cocos/BIG_wings/assets/game/BigWings/script/framework/share-tools/src/environment/device/UBBrowserChecker.ts.
debug: Resolve file:///D:/bbin/cocos/BIG_wings/assets/game/BigWings/script/framework/share-tools/src/environment/lang/Dict.ts from cce:/internal/x/prerequisite-imports as file:///D:/bbin/cocos/BIG_wings/assets/game/BigWings/script/framework/share-tools/src/environment/lang/Dict.ts.
debug: Resolve file:///D:/bbin/cocos/BIG_wings/assets/game/BigWings/script/framework/share-tools/src/environment/lang/GameSupportLang.ts from cce:/internal/x/prerequisite-imports as file:///D:/bbin/cocos/BIG_wings/assets/game/BigWings/script/framework/share-tools/src/environment/lang/GameSupportLang.ts.
debug: Resolve file:///D:/bbin/cocos/BIG_wings/assets/game/BigWings/script/framework/share-tools/src/environment/url/CDN.ts from cce:/internal/x/prerequisite-imports as file:///D:/bbin/cocos/BIG_wings/assets/game/BigWings/script/framework/share-tools/src/environment/url/CDN.ts.
debug: Resolve file:///D:/bbin/cocos/BIG_wings/assets/game/BigWings/script/framework/share-tools/src/environment/url/LoadingPicUrl.ts from cce:/internal/x/prerequisite-imports as file:///D:/bbin/cocos/BIG_wings/assets/game/BigWings/script/framework/share-tools/src/environment/url/LoadingPicUrl.ts.
debug: Resolve file:///D:/bbin/cocos/BIG_wings/assets/game/BigWings/script/framework/share-tools/src/environment/url/PHPProiveHeaders.ts from cce:/internal/x/prerequisite-imports as file:///D:/bbin/cocos/BIG_wings/assets/game/BigWings/script/framework/share-tools/src/environment/url/PHPProiveHeaders.ts.
debug: Resolve file:///D:/bbin/cocos/BIG_wings/assets/game/BigWings/script/framework/share-tools/src/environment/url/URLJoin.ts from cce:/internal/x/prerequisite-imports as file:///D:/bbin/cocos/BIG_wings/assets/game/BigWings/script/framework/share-tools/src/environment/url/URLJoin.ts.
debug: Resolve file:///D:/bbin/cocos/BIG_wings/assets/game/BigWings/script/framework/share-tools/src/environment/url/URLParameter.ts from cce:/internal/x/prerequisite-imports as file:///D:/bbin/cocos/BIG_wings/assets/game/BigWings/script/framework/share-tools/src/environment/url/URLParameter.ts.
debug: Resolve file:///D:/bbin/cocos/BIG_wings/assets/game/BigWings/script/framework/share-tools/src/environment/url/isURL.ts from cce:/internal/x/prerequisite-imports as file:///D:/bbin/cocos/BIG_wings/assets/game/BigWings/script/framework/share-tools/src/environment/url/isURL.ts.
debug: Resolve file:///D:/bbin/cocos/BIG_wings/assets/game/BigWings/script/framework/share-tools/src/idb/IndexedDBManager.ts from cce:/internal/x/prerequisite-imports as file:///D:/bbin/cocos/BIG_wings/assets/game/BigWings/script/framework/share-tools/src/idb/IndexedDBManager.ts.
debug: Resolve file:///D:/bbin/cocos/BIG_wings/assets/game/BigWings/script/framework/share-tools/src/page-lifecycle/PageLifecycle.ts from cce:/internal/x/prerequisite-imports as file:///D:/bbin/cocos/BIG_wings/assets/game/BigWings/script/framework/share-tools/src/page-lifecycle/PageLifecycle.ts.
debug: Resolve file:///D:/bbin/cocos/BIG_wings/assets/game/BigWings/script/include.ts from cce:/internal/x/prerequisite-imports as file:///D:/bbin/cocos/BIG_wings/assets/game/BigWings/script/include.ts.
debug: Resolve file:///D:/bbin/cocos/BIG_wings/assets/game/BigWings/script/index.ts from cce:/internal/x/prerequisite-imports as file:///D:/bbin/cocos/BIG_wings/assets/game/BigWings/script/index.ts.
debug: Resolve file:///D:/bbin/cocos/BIG_wings/assets/game/BigWings/script/lib/BaseDataModel.ts from cce:/internal/x/prerequisite-imports as file:///D:/bbin/cocos/BIG_wings/assets/game/BigWings/script/lib/BaseDataModel.ts.
debug: Resolve file:///D:/bbin/cocos/BIG_wings/assets/game/BigWings/script/lib/BaseGame.ts from cce:/internal/x/prerequisite-imports as file:///D:/bbin/cocos/BIG_wings/assets/game/BigWings/script/lib/BaseGame.ts.
debug: Resolve file:///D:/bbin/cocos/BIG_wings/assets/game/BigWings/script/lib/BaseModel.ts from cce:/internal/x/prerequisite-imports as file:///D:/bbin/cocos/BIG_wings/assets/game/BigWings/script/lib/BaseModel.ts.
debug: Resolve file:///D:/bbin/cocos/BIG_wings/assets/game/BigWings/script/lib/BasePresenter.ts from cce:/internal/x/prerequisite-imports as file:///D:/bbin/cocos/BIG_wings/assets/game/BigWings/script/lib/BasePresenter.ts.
debug: Resolve file:///D:/bbin/cocos/BIG_wings/assets/game/BigWings/script/lib/BaseView.ts from cce:/internal/x/prerequisite-imports as file:///D:/bbin/cocos/BIG_wings/assets/game/BigWings/script/lib/BaseView.ts.
debug: Resolve file:///D:/bbin/cocos/BIG_wings/assets/game/BigWings/script/lib/RecvMessage.ts from cce:/internal/x/prerequisite-imports as file:///D:/bbin/cocos/BIG_wings/assets/game/BigWings/script/lib/RecvMessage.ts.
debug: Resolve file:///D:/bbin/cocos/BIG_wings/assets/game/BigWings/script/lib/SendMessage.ts from cce:/internal/x/prerequisite-imports as file:///D:/bbin/cocos/BIG_wings/assets/game/BigWings/script/lib/SendMessage.ts.
debug: Resolve file:///D:/bbin/cocos/BIG_wings/assets/game/BigWings/script/lib/UtilsKit.ts from cce:/internal/x/prerequisite-imports as file:///D:/bbin/cocos/BIG_wings/assets/game/BigWings/script/lib/UtilsKit.ts.
debug: Resolve file:///D:/bbin/cocos/BIG_wings/assets/game/BigWings/script/mock/MockData.ts from cce:/internal/x/prerequisite-imports as file:///D:/bbin/cocos/BIG_wings/assets/game/BigWings/script/mock/MockData.ts.
debug: Resolve file:///D:/bbin/cocos/BIG_wings/assets/game/BigWings/script/tools/ElementPoolManager.ts from cce:/internal/x/prerequisite-imports as file:///D:/bbin/cocos/BIG_wings/assets/game/BigWings/script/tools/ElementPoolManager.ts.
debug: Resolve file:///D:/bbin/cocos/BIG_wings/assets/game/BigWings/script/tools/InstanceBase.ts from cce:/internal/x/prerequisite-imports as file:///D:/bbin/cocos/BIG_wings/assets/game/BigWings/script/tools/InstanceBase.ts.
debug: Resolve file:///D:/bbin/cocos/BIG_wings/assets/game/BigWings/script/tools/ObjectPool.ts from cce:/internal/x/prerequisite-imports as file:///D:/bbin/cocos/BIG_wings/assets/game/BigWings/script/tools/ObjectPool.ts.
debug: Resolve file:///D:/bbin/cocos/BIG_wings/assets/game/BigWings/script/tools/PrefabInstancePoolManager.ts from cce:/internal/x/prerequisite-imports as file:///D:/bbin/cocos/BIG_wings/assets/game/BigWings/script/tools/PrefabInstancePoolManager.ts.
debug: Resolve file:///D:/bbin/cocos/BIG_wings/assets/game/BigWings/script/tools/Resize.ts from cce:/internal/x/prerequisite-imports as file:///D:/bbin/cocos/BIG_wings/assets/game/BigWings/script/tools/Resize.ts.
debug: Resolve file:///D:/bbin/cocos/BIG_wings/assets/game/BigWings/script/tools/audio/AudioMgr.ts from cce:/internal/x/prerequisite-imports as file:///D:/bbin/cocos/BIG_wings/assets/game/BigWings/script/tools/audio/AudioMgr.ts.
debug: Resolve file:///D:/bbin/cocos/BIG_wings/assets/game/BigWings/script/tools/audio/AudioUnit.ts from cce:/internal/x/prerequisite-imports as file:///D:/bbin/cocos/BIG_wings/assets/game/BigWings/script/tools/audio/AudioUnit.ts.
debug: Resolve file:///D:/bbin/cocos/BIG_wings/assets/game/BigWings/script/tools/audio/IPlayConfig.ts from cce:/internal/x/prerequisite-imports as file:///D:/bbin/cocos/BIG_wings/assets/game/BigWings/script/tools/audio/IPlayConfig.ts.
debug: Resolve file:///D:/bbin/cocos/BIG_wings/assets/game/BigWings/script/wheel/BigWingsRoller.ts from cce:/internal/x/prerequisite-imports as file:///D:/bbin/cocos/BIG_wings/assets/game/BigWings/script/wheel/BigWingsRoller.ts.
debug: Resolve file:///D:/bbin/cocos/BIG_wings/assets/game/BigWings/script/wheel/BigWingsSymbol.ts from cce:/internal/x/prerequisite-imports as file:///D:/bbin/cocos/BIG_wings/assets/game/BigWings/script/wheel/BigWingsSymbol.ts.
debug: Resolve file:///D:/bbin/cocos/BIG_wings/assets/game/BigWings/script/wheel/BigWingsWheel.ts from cce:/internal/x/prerequisite-imports as file:///D:/bbin/cocos/BIG_wings/assets/game/BigWings/script/wheel/BigWingsWheel.ts.
debug: Resolve file:///D:/bbin/cocos/BIG_wings/assets/game/BigWings/script/wheel/LineRope.ts from cce:/internal/x/prerequisite-imports as file:///D:/bbin/cocos/BIG_wings/assets/game/BigWings/script/wheel/LineRope.ts.
debug: Resolve file:///D:/bbin/cocos/BIG_wings/assets/game/BigWings/script/wheel/Roller.ts from cce:/internal/x/prerequisite-imports as file:///D:/bbin/cocos/BIG_wings/assets/game/BigWings/script/wheel/Roller.ts.
debug: Resolve file:///D:/bbin/cocos/BIG_wings/assets/game/BigWings/script/wheel/SlotWheel.ts from cce:/internal/x/prerequisite-imports as file:///D:/bbin/cocos/BIG_wings/assets/game/BigWings/script/wheel/SlotWheel.ts.
debug: Resolve file:///D:/bbin/cocos/BIG_wings/assets/game/BigWings/script/wheel/SymbolInfo.ts from cce:/internal/x/prerequisite-imports as file:///D:/bbin/cocos/BIG_wings/assets/game/BigWings/script/wheel/SymbolInfo.ts.
debug: Resolve file:///D:/bbin/cocos/BIG_wings/assets/game/BigWings/script/wheel/SymbolItem.ts from cce:/internal/x/prerequisite-imports as file:///D:/bbin/cocos/BIG_wings/assets/game/BigWings/script/wheel/SymbolItem.ts.
debug: Resolve file:///D:/bbin/cocos/BIG_wings/assets/game/BigWings/script/wheel/SymbolSpine.ts from cce:/internal/x/prerequisite-imports as file:///D:/bbin/cocos/BIG_wings/assets/game/BigWings/script/wheel/SymbolSpine.ts.
debug: Resolve file:///D:/bbin/cocos/BIG_wings/assets/techArt/common/script/poolHandler.ts from cce:/internal/x/prerequisite-imports as file:///D:/bbin/cocos/BIG_wings/assets/techArt/common/script/poolHandler.ts.
debug: Resolve file:///D:/bbin/cocos/BIG_wings/assets/techArt/game/mahjong/script/demoInfo_TA.ts from cce:/internal/x/prerequisite-imports as file:///D:/bbin/cocos/BIG_wings/assets/techArt/game/mahjong/script/demoInfo_TA.ts.
debug: Resolve file:///D:/bbin/cocos/BIG_wings/assets/techArt/game/mahjong/script/loading_Test.ts from cce:/internal/x/prerequisite-imports as file:///D:/bbin/cocos/BIG_wings/assets/techArt/game/mahjong/script/loading_Test.ts.
debug: Resolve file:///D:/bbin/cocos/BIG_wings/assets/techArt/game/mahjong/script/mahjong_TA.ts from cce:/internal/x/prerequisite-imports as file:///D:/bbin/cocos/BIG_wings/assets/techArt/game/mahjong/script/mahjong_TA.ts.
debug: Resolve file:///D:/bbin/cocos/BIG_wings/assets/techArt/game/mahjong/script/symbolResource_TA.ts from cce:/internal/x/prerequisite-imports as file:///D:/bbin/cocos/BIG_wings/assets/techArt/game/mahjong/script/symbolResource_TA.ts.
debug: Resolve file:///D:/bbin/cocos/BIG_wings/assets/techArt/game/mahjong/script/symbolSet_TA.ts from cce:/internal/x/prerequisite-imports as file:///D:/bbin/cocos/BIG_wings/assets/techArt/game/mahjong/script/symbolSet_TA.ts.
debug: Resolve file:///D:/bbin/cocos/BIG_wings/assets/techArt/game/mahjong/script/symbolSetting_TA.ts from cce:/internal/x/prerequisite-imports as file:///D:/bbin/cocos/BIG_wings/assets/techArt/game/mahjong/script/symbolSetting_TA.ts.
debug: Resolve file:///D:/bbin/cocos/BIG_wings/assets/techArt/game/mahjong/script/symbolWin_TA.ts from cce:/internal/x/prerequisite-imports as file:///D:/bbin/cocos/BIG_wings/assets/techArt/game/mahjong/script/symbolWin_TA.ts.
debug: Resolve file:///D:/bbin/cocos/BIG_wings/assets/techArt/test/script/coinDropAnim.ts from cce:/internal/x/prerequisite-imports as file:///D:/bbin/cocos/BIG_wings/assets/techArt/test/script/coinDropAnim.ts.
debug: Resolve file:///D:/bbin/cocos/BIG_wings/assets/techArt/test/script/coinsInflux.ts from cce:/internal/x/prerequisite-imports as file:///D:/bbin/cocos/BIG_wings/assets/techArt/test/script/coinsInflux.ts.
debug: Resolve file:///D:/bbin/cocos/BIG_wings/assets/techArt/test/script/common_TA.ts from cce:/internal/x/prerequisite-imports as file:///D:/bbin/cocos/BIG_wings/assets/techArt/test/script/common_TA.ts.
debug: Resolve file:///D:/bbin/cocos/BIG_wings/assets/techArt/test/script/creat.ts from cce:/internal/x/prerequisite-imports as file:///D:/bbin/cocos/BIG_wings/assets/techArt/test/script/creat.ts.
debug: Resolve file:///D:/bbin/cocos/BIG_wings/assets/techArt/test/script/enableTest.ts from cce:/internal/x/prerequisite-imports as file:///D:/bbin/cocos/BIG_wings/assets/techArt/test/script/enableTest.ts.
debug: Resolve file:///D:/bbin/cocos/BIG_wings/assets/techArt/test/script/prefabInit_TA.ts from cce:/internal/x/prerequisite-imports as file:///D:/bbin/cocos/BIG_wings/assets/techArt/test/script/prefabInit_TA.ts.
debug: Resolve file:///D:/bbin/cocos/BIG_wings/assets/techArt/test/script/responsiveBg_TA.ts from cce:/internal/x/prerequisite-imports as file:///D:/bbin/cocos/BIG_wings/assets/techArt/test/script/responsiveBg_TA.ts.
debug: Resolve file:///D:/bbin/cocos/BIG_wings/assets/techArt/test/script/symbolInfo_TA.ts from cce:/internal/x/prerequisite-imports as file:///D:/bbin/cocos/BIG_wings/assets/techArt/test/script/symbolInfo_TA.ts.
debug: Resolve file:///D:/bbin/cocos/BIG_wings/assets/techArt/test/script/tipMove_TA.ts from cce:/internal/x/prerequisite-imports as file:///D:/bbin/cocos/BIG_wings/assets/techArt/test/script/tipMove_TA.ts.
debug: Target(editor) ends with cost 119.96810001134872ms.
debug: Target(preview) build started.
debug: Detected change: cce:/internal/x/prerequisite-imports. Last mtime: Thu Jan 01 1970 08:00:10 GMT+0800 (台北標準時間), Current mtime: Thu Jan 01 1970 08:00:18 GMT+0800 (台北標準時間)
debug: Inspect cce:/internal/x/prerequisite-imports
debug: Resolve file:///C:/ProgramData/cocos/editors/Creator/3.8.1/resources/resources/3d/engine/editor/assets/tools/debug-view-runtime-control.ts from cce:/internal/x/prerequisite-imports as file:///C:/ProgramData/cocos/editors/Creator/3.8.1/resources/resources/3d/engine/editor/assets/tools/debug-view-runtime-control.ts.
debug: Resolve file:///D:/bbin/cocos/BIG_wings/assets/common/script/anim/particle2DAutoSwitch.ts from cce:/internal/x/prerequisite-imports as file:///D:/bbin/cocos/BIG_wings/assets/common/script/anim/particle2DAutoSwitch.ts.
debug: Resolve file:///D:/bbin/cocos/BIG_wings/assets/common/script/anim/playAnimOnEnable.ts from cce:/internal/x/prerequisite-imports as file:///D:/bbin/cocos/BIG_wings/assets/common/script/anim/playAnimOnEnable.ts.
debug: Resolve file:///D:/bbin/cocos/BIG_wings/assets/common/script/anim/spinePlayOnEnable.ts from cce:/internal/x/prerequisite-imports as file:///D:/bbin/cocos/BIG_wings/assets/common/script/anim/spinePlayOnEnable.ts.
debug: Resolve file:///D:/bbin/cocos/BIG_wings/assets/common/script/ui/CustomizedButton.ts from cce:/internal/x/prerequisite-imports as file:///D:/bbin/cocos/BIG_wings/assets/common/script/ui/CustomizedButton.ts.
debug: Resolve file:///D:/bbin/cocos/BIG_wings/assets/common/script/ui/customButton.ts from cce:/internal/x/prerequisite-imports as file:///D:/bbin/cocos/BIG_wings/assets/common/script/ui/customButton.ts.
debug: Resolve file:///D:/bbin/cocos/BIG_wings/assets/common/script/ui/customToggle.ts from cce:/internal/x/prerequisite-imports as file:///D:/bbin/cocos/BIG_wings/assets/common/script/ui/customToggle.ts.
debug: Resolve file:///D:/bbin/cocos/BIG_wings/assets/game/BigWings/script/Applicaiton.ts from cce:/internal/x/prerequisite-imports as file:///D:/bbin/cocos/BIG_wings/assets/game/BigWings/script/Applicaiton.ts.
debug: Resolve file:///D:/bbin/cocos/BIG_wings/assets/game/BigWings/script/SoundController.ts from cce:/internal/x/prerequisite-imports as file:///D:/bbin/cocos/BIG_wings/assets/game/BigWings/script/SoundController.ts.
debug: Resolve file:///D:/bbin/cocos/BIG_wings/assets/game/BigWings/script/components/AlertPanel.ts from cce:/internal/x/prerequisite-imports as file:///D:/bbin/cocos/BIG_wings/assets/game/BigWings/script/components/AlertPanel.ts.
debug: Resolve file:///D:/bbin/cocos/BIG_wings/assets/game/BigWings/script/components/AutoSetPanel.ts from cce:/internal/x/prerequisite-imports as file:///D:/bbin/cocos/BIG_wings/assets/game/BigWings/script/components/AutoSetPanel.ts.
debug: Resolve file:///D:/bbin/cocos/BIG_wings/assets/game/BigWings/script/components/BaseAutoSet.ts from cce:/internal/x/prerequisite-imports as file:///D:/bbin/cocos/BIG_wings/assets/game/BigWings/script/components/BaseAutoSet.ts.
debug: Resolve file:///D:/bbin/cocos/BIG_wings/assets/game/BigWings/script/components/BetSetPanel.ts from cce:/internal/x/prerequisite-imports as file:///D:/bbin/cocos/BIG_wings/assets/game/BigWings/script/components/BetSetPanel.ts.
debug: Resolve file:///D:/bbin/cocos/BIG_wings/assets/game/BigWings/script/components/BigWin.ts from cce:/internal/x/prerequisite-imports as file:///D:/bbin/cocos/BIG_wings/assets/game/BigWings/script/components/BigWin.ts.
debug: Resolve file:///D:/bbin/cocos/BIG_wings/assets/game/BigWings/script/components/BigWingsCommand.ts from cce:/internal/x/prerequisite-imports as file:///D:/bbin/cocos/BIG_wings/assets/game/BigWings/script/components/BigWingsCommand.ts.
debug: Resolve file:///D:/bbin/cocos/BIG_wings/assets/game/BigWings/script/components/BigWingsPresenter.ts from cce:/internal/x/prerequisite-imports as file:///D:/bbin/cocos/BIG_wings/assets/game/BigWings/script/components/BigWingsPresenter.ts.
debug: Resolve file:///D:/bbin/cocos/BIG_wings/assets/game/BigWings/script/components/BigWingsView.ts from cce:/internal/x/prerequisite-imports as file:///D:/bbin/cocos/BIG_wings/assets/game/BigWings/script/components/BigWingsView.ts.
debug: Resolve file:///D:/bbin/cocos/BIG_wings/assets/game/BigWings/script/components/BuyFreeGamePanel.ts from cce:/internal/x/prerequisite-imports as file:///D:/bbin/cocos/BIG_wings/assets/game/BigWings/script/components/BuyFreeGamePanel.ts.
debug: Resolve file:///D:/bbin/cocos/BIG_wings/assets/game/BigWings/script/components/CalculationCupboard.ts from cce:/internal/x/prerequisite-imports as file:///D:/bbin/cocos/BIG_wings/assets/game/BigWings/script/components/CalculationCupboard.ts.
debug: Resolve file:///D:/bbin/cocos/BIG_wings/assets/game/BigWings/script/components/ExchangePanel.ts from cce:/internal/x/prerequisite-imports as file:///D:/bbin/cocos/BIG_wings/assets/game/BigWings/script/components/ExchangePanel.ts.
debug: Resolve file:///D:/bbin/cocos/BIG_wings/assets/game/BigWings/script/components/GamblePanel.ts from cce:/internal/x/prerequisite-imports as file:///D:/bbin/cocos/BIG_wings/assets/game/BigWings/script/components/GamblePanel.ts.
debug: Resolve file:///D:/bbin/cocos/BIG_wings/assets/game/BigWings/script/components/GameCommand.ts from cce:/internal/x/prerequisite-imports as file:///D:/bbin/cocos/BIG_wings/assets/game/BigWings/script/components/GameCommand.ts.
debug: Resolve file:///D:/bbin/cocos/BIG_wings/assets/game/BigWings/script/components/GameManager.ts from cce:/internal/x/prerequisite-imports as file:///D:/bbin/cocos/BIG_wings/assets/game/BigWings/script/components/GameManager.ts.
debug: Resolve file:///D:/bbin/cocos/BIG_wings/assets/game/BigWings/script/components/Info.ts from cce:/internal/x/prerequisite-imports as file:///D:/bbin/cocos/BIG_wings/assets/game/BigWings/script/components/Info.ts.
debug: Resolve file:///D:/bbin/cocos/BIG_wings/assets/game/BigWings/script/components/LineInfo.ts from cce:/internal/x/prerequisite-imports as file:///D:/bbin/cocos/BIG_wings/assets/game/BigWings/script/components/LineInfo.ts.
debug: Resolve file:///D:/bbin/cocos/BIG_wings/assets/game/BigWings/script/components/LineInfoSprite.ts from cce:/internal/x/prerequisite-imports as file:///D:/bbin/cocos/BIG_wings/assets/game/BigWings/script/components/LineInfoSprite.ts.
debug: Resolve file:///D:/bbin/cocos/BIG_wings/assets/game/BigWings/script/components/MainGame.ts from cce:/internal/x/prerequisite-imports as file:///D:/bbin/cocos/BIG_wings/assets/game/BigWings/script/components/MainGame.ts.
debug: Resolve file:///D:/bbin/cocos/BIG_wings/assets/game/BigWings/script/components/SettingsPanel.ts from cce:/internal/x/prerequisite-imports as file:///D:/bbin/cocos/BIG_wings/assets/game/BigWings/script/components/SettingsPanel.ts.
debug: Resolve file:///D:/bbin/cocos/BIG_wings/assets/game/BigWings/script/components/TextureLineGraphics/script/TextureLineGraphics.ts from cce:/internal/x/prerequisite-imports as file:///D:/bbin/cocos/BIG_wings/assets/game/BigWings/script/components/TextureLineGraphics/script/TextureLineGraphics.ts.
debug: Resolve file:///D:/bbin/cocos/BIG_wings/assets/game/BigWings/script/components/TextureLineGraphics/script/earcut.ts from cce:/internal/x/prerequisite-imports as file:///D:/bbin/cocos/BIG_wings/assets/game/BigWings/script/components/TextureLineGraphics/script/earcut.ts.
debug: Resolve file:///D:/bbin/cocos/BIG_wings/assets/game/BigWings/script/components/WinAndMarquee.ts from cce:/internal/x/prerequisite-imports as file:///D:/bbin/cocos/BIG_wings/assets/game/BigWings/script/components/WinAndMarquee.ts.
debug: Resolve file:///D:/bbin/cocos/BIG_wings/assets/game/BigWings/script/components/scoreGridMarquee.ts from cce:/internal/x/prerequisite-imports as file:///D:/bbin/cocos/BIG_wings/assets/game/BigWings/script/components/scoreGridMarquee.ts.
debug: Resolve file:///D:/bbin/cocos/BIG_wings/assets/game/BigWings/script/framework/mvc/index.ts from cce:/internal/x/prerequisite-imports as file:///D:/bbin/cocos/BIG_wings/assets/game/BigWings/script/framework/mvc/index.ts.
debug: Resolve file:///D:/bbin/cocos/BIG_wings/assets/game/BigWings/script/framework/mvc/src/connection/connector/Connector.ts from cce:/internal/x/prerequisite-imports as file:///D:/bbin/cocos/BIG_wings/assets/game/BigWings/script/framework/mvc/src/connection/connector/Connector.ts.
debug: Resolve file:///D:/bbin/cocos/BIG_wings/assets/game/BigWings/script/framework/mvc/src/connection/connector/data/Receive/Error.ts from cce:/internal/x/prerequisite-imports as file:///D:/bbin/cocos/BIG_wings/assets/game/BigWings/script/framework/mvc/src/connection/connector/data/Receive/Error.ts.
debug: Resolve file:///D:/bbin/cocos/BIG_wings/assets/game/BigWings/script/framework/mvc/src/connection/connector/data/Receive/index.ts from cce:/internal/x/prerequisite-imports as file:///D:/bbin/cocos/BIG_wings/assets/game/BigWings/script/framework/mvc/src/connection/connector/data/Receive/index.ts.
debug: Resolve file:///D:/bbin/cocos/BIG_wings/assets/game/BigWings/script/framework/mvc/src/connection/connector/data/Receive/onBalanceExchange.ts from cce:/internal/x/prerequisite-imports as file:///D:/bbin/cocos/BIG_wings/assets/game/BigWings/script/framework/mvc/src/connection/connector/data/Receive/onBalanceExchange.ts.
debug: Resolve file:///D:/bbin/cocos/BIG_wings/assets/game/BigWings/script/framework/mvc/src/connection/connector/data/Receive/onBeginGame.ts from cce:/internal/x/prerequisite-imports as file:///D:/bbin/cocos/BIG_wings/assets/game/BigWings/script/framework/mvc/src/connection/connector/data/Receive/onBeginGame.ts.
debug: Resolve file:///D:/bbin/cocos/BIG_wings/assets/game/BigWings/script/framework/mvc/src/connection/connector/data/Receive/onCreditExchange.ts from cce:/internal/x/prerequisite-imports as file:///D:/bbin/cocos/BIG_wings/assets/game/BigWings/script/framework/mvc/src/connection/connector/data/Receive/onCreditExchange.ts.
debug: Resolve file:///D:/bbin/cocos/BIG_wings/assets/game/BigWings/script/framework/mvc/src/connection/connector/data/Receive/onGetMachineDetail.ts from cce:/internal/x/prerequisite-imports as file:///D:/bbin/cocos/BIG_wings/assets/game/BigWings/script/framework/mvc/src/connection/connector/data/Receive/onGetMachineDetail.ts.
debug: Resolve file:///D:/bbin/cocos/BIG_wings/assets/game/BigWings/script/framework/mvc/src/connection/connector/data/Receive/onHitJackpot.ts from cce:/internal/x/prerequisite-imports as file:///D:/bbin/cocos/BIG_wings/assets/game/BigWings/script/framework/mvc/src/connection/connector/data/Receive/onHitJackpot.ts.
debug: Resolve file:///D:/bbin/cocos/BIG_wings/assets/game/BigWings/script/framework/mvc/src/connection/connector/data/Receive/onLogin.ts from cce:/internal/x/prerequisite-imports as file:///D:/bbin/cocos/BIG_wings/assets/game/BigWings/script/framework/mvc/src/connection/connector/data/Receive/onLogin.ts.
debug: Resolve file:///D:/bbin/cocos/BIG_wings/assets/game/BigWings/script/framework/mvc/src/connection/connector/data/Receive/onOnLoadInfo2.ts from cce:/internal/x/prerequisite-imports as file:///D:/bbin/cocos/BIG_wings/assets/game/BigWings/script/framework/mvc/src/connection/connector/data/Receive/onOnLoadInfo2.ts.
debug: Resolve file:///D:/bbin/cocos/BIG_wings/assets/game/BigWings/script/framework/mvc/src/connection/connector/data/Receive/onTakeMachine.ts from cce:/internal/x/prerequisite-imports as file:///D:/bbin/cocos/BIG_wings/assets/game/BigWings/script/framework/mvc/src/connection/connector/data/Receive/onTakeMachine.ts.
debug: Resolve file:///D:/bbin/cocos/BIG_wings/assets/game/BigWings/script/framework/mvc/src/connection/connector/data/Receive/updateJP.ts from cce:/internal/x/prerequisite-imports as file:///D:/bbin/cocos/BIG_wings/assets/game/BigWings/script/framework/mvc/src/connection/connector/data/Receive/updateJP.ts.
debug: Resolve file:///D:/bbin/cocos/BIG_wings/assets/game/BigWings/script/framework/mvc/src/connection/connector/data/Send/creditExchange.ts from cce:/internal/x/prerequisite-imports as file:///D:/bbin/cocos/BIG_wings/assets/game/BigWings/script/framework/mvc/src/connection/connector/data/Send/creditExchange.ts.
debug: Resolve file:///D:/bbin/cocos/BIG_wings/assets/game/BigWings/script/framework/mvc/src/connection/connector/data/Send/loginBySid.ts from cce:/internal/x/prerequisite-imports as file:///D:/bbin/cocos/BIG_wings/assets/game/BigWings/script/framework/mvc/src/connection/connector/data/Send/loginBySid.ts.
debug: Resolve file:///D:/bbin/cocos/BIG_wings/assets/game/BigWings/script/framework/mvc/src/connection/connector/receive/Receive.ts from cce:/internal/x/prerequisite-imports as file:///D:/bbin/cocos/BIG_wings/assets/game/BigWings/script/framework/mvc/src/connection/connector/receive/Receive.ts.
debug: Resolve file:///D:/bbin/cocos/BIG_wings/assets/game/BigWings/script/framework/mvc/src/connection/connector/receive/SeverAction.ts from cce:/internal/x/prerequisite-imports as file:///D:/bbin/cocos/BIG_wings/assets/game/BigWings/script/framework/mvc/src/connection/connector/receive/SeverAction.ts.
debug: Resolve file:///D:/bbin/cocos/BIG_wings/assets/game/BigWings/script/framework/mvc/src/connection/connector/send/ClientAction.ts from cce:/internal/x/prerequisite-imports as file:///D:/bbin/cocos/BIG_wings/assets/game/BigWings/script/framework/mvc/src/connection/connector/send/ClientAction.ts.
debug: Resolve file:///D:/bbin/cocos/BIG_wings/assets/game/BigWings/script/framework/mvc/src/connection/connector/send/Send.ts from cce:/internal/x/prerequisite-imports as file:///D:/bbin/cocos/BIG_wings/assets/game/BigWings/script/framework/mvc/src/connection/connector/send/Send.ts.
debug: Resolve file:///D:/bbin/cocos/BIG_wings/assets/game/BigWings/script/framework/mvc/src/connection/ws/WebSocketCore.ts from cce:/internal/x/prerequisite-imports as file:///D:/bbin/cocos/BIG_wings/assets/game/BigWings/script/framework/mvc/src/connection/ws/WebSocketCore.ts.
debug: Resolve file:///D:/bbin/cocos/BIG_wings/assets/game/BigWings/script/framework/mvc/src/connection/ws/deserializer.ts from cce:/internal/x/prerequisite-imports as file:///D:/bbin/cocos/BIG_wings/assets/game/BigWings/script/framework/mvc/src/connection/ws/deserializer.ts.
debug: Resolve file:///D:/bbin/cocos/BIG_wings/assets/game/BigWings/script/framework/mvc/src/connection/ws/serializer.ts from cce:/internal/x/prerequisite-imports as file:///D:/bbin/cocos/BIG_wings/assets/game/BigWings/script/framework/mvc/src/connection/ws/serializer.ts.
debug: Resolve file:///D:/bbin/cocos/BIG_wings/assets/game/BigWings/script/framework/mvc/src/interface/Alert.ts from cce:/internal/x/prerequisite-imports as file:///D:/bbin/cocos/BIG_wings/assets/game/BigWings/script/framework/mvc/src/interface/Alert.ts.
debug: Resolve file:///D:/bbin/cocos/BIG_wings/assets/game/BigWings/script/framework/mvc/src/interface/Command.ts from cce:/internal/x/prerequisite-imports as file:///D:/bbin/cocos/BIG_wings/assets/game/BigWings/script/framework/mvc/src/interface/Command.ts.
debug: Resolve file:///D:/bbin/cocos/BIG_wings/assets/game/BigWings/script/framework/mvc/src/interface/Costume.ts from cce:/internal/x/prerequisite-imports as file:///D:/bbin/cocos/BIG_wings/assets/game/BigWings/script/framework/mvc/src/interface/Costume.ts.
debug: Resolve file:///D:/bbin/cocos/BIG_wings/assets/game/BigWings/script/framework/mvc/src/interface/Exchange.ts from cce:/internal/x/prerequisite-imports as file:///D:/bbin/cocos/BIG_wings/assets/game/BigWings/script/framework/mvc/src/interface/Exchange.ts.
debug: Resolve file:///D:/bbin/cocos/BIG_wings/assets/game/BigWings/script/framework/mvc/src/interface/Toolbar.ts from cce:/internal/x/prerequisite-imports as file:///D:/bbin/cocos/BIG_wings/assets/game/BigWings/script/framework/mvc/src/interface/Toolbar.ts.
debug: Resolve file:///D:/bbin/cocos/BIG_wings/assets/game/BigWings/script/framework/mvc/src/interface/index.ts from cce:/internal/x/prerequisite-imports as file:///D:/bbin/cocos/BIG_wings/assets/game/BigWings/script/framework/mvc/src/interface/index.ts.
debug: Resolve file:///D:/bbin/cocos/BIG_wings/assets/game/BigWings/script/framework/mvc/src/mvc/controller/Controller.ts from cce:/internal/x/prerequisite-imports as file:///D:/bbin/cocos/BIG_wings/assets/game/BigWings/script/framework/mvc/src/mvc/controller/Controller.ts.
debug: Resolve file:///D:/bbin/cocos/BIG_wings/assets/game/BigWings/script/framework/mvc/src/mvc/model/DataModel.ts from cce:/internal/x/prerequisite-imports as file:///D:/bbin/cocos/BIG_wings/assets/game/BigWings/script/framework/mvc/src/mvc/model/DataModel.ts.
debug: Resolve file:///D:/bbin/cocos/BIG_wings/assets/game/BigWings/script/framework/mvc/src/mvc/model/Model.ts from cce:/internal/x/prerequisite-imports as file:///D:/bbin/cocos/BIG_wings/assets/game/BigWings/script/framework/mvc/src/mvc/model/Model.ts.
debug: Resolve file:///D:/bbin/cocos/BIG_wings/assets/game/BigWings/script/framework/mvc/src/mvc/view/View.ts from cce:/internal/x/prerequisite-imports as file:///D:/bbin/cocos/BIG_wings/assets/game/BigWings/script/framework/mvc/src/mvc/view/View.ts.
debug: Resolve file:///D:/bbin/cocos/BIG_wings/assets/game/BigWings/script/framework/mvc/src/utils/DataEvent.ts from cce:/internal/x/prerequisite-imports as file:///D:/bbin/cocos/BIG_wings/assets/game/BigWings/script/framework/mvc/src/utils/DataEvent.ts.
debug: Resolve file:///D:/bbin/cocos/BIG_wings/assets/game/BigWings/script/framework/share-tools/index.ts from cce:/internal/x/prerequisite-imports as file:///D:/bbin/cocos/BIG_wings/assets/game/BigWings/script/framework/share-tools/index.ts.
debug: Resolve file:///D:/bbin/cocos/BIG_wings/assets/game/BigWings/script/framework/share-tools/src/analysis/PlayerLoaderInfo.ts from cce:/internal/x/prerequisite-imports as file:///D:/bbin/cocos/BIG_wings/assets/game/BigWings/script/framework/share-tools/src/analysis/PlayerLoaderInfo.ts.
debug: Resolve file:///D:/bbin/cocos/BIG_wings/assets/game/BigWings/script/framework/share-tools/src/environment/Cookie.ts from cce:/internal/x/prerequisite-imports as file:///D:/bbin/cocos/BIG_wings/assets/game/BigWings/script/framework/share-tools/src/environment/Cookie.ts.
debug: Resolve file:///D:/bbin/cocos/BIG_wings/assets/game/BigWings/script/framework/share-tools/src/environment/device/AIOBridge.ts from cce:/internal/x/prerequisite-imports as file:///D:/bbin/cocos/BIG_wings/assets/game/BigWings/script/framework/share-tools/src/environment/device/AIOBridge.ts.
debug: Resolve file:///D:/bbin/cocos/BIG_wings/assets/game/BigWings/script/framework/share-tools/src/environment/device/Device.ts from cce:/internal/x/prerequisite-imports as file:///D:/bbin/cocos/BIG_wings/assets/game/BigWings/script/framework/share-tools/src/environment/device/Device.ts.
debug: Resolve file:///D:/bbin/cocos/BIG_wings/assets/game/BigWings/script/framework/share-tools/src/environment/device/FullScreen.ts from cce:/internal/x/prerequisite-imports as file:///D:/bbin/cocos/BIG_wings/assets/game/BigWings/script/framework/share-tools/src/environment/device/FullScreen.ts.
debug: Resolve file:///D:/bbin/cocos/BIG_wings/assets/game/BigWings/script/framework/share-tools/src/environment/device/Orientation.ts from cce:/internal/x/prerequisite-imports as file:///D:/bbin/cocos/BIG_wings/assets/game/BigWings/script/framework/share-tools/src/environment/device/Orientation.ts.
debug: Resolve file:///D:/bbin/cocos/BIG_wings/assets/game/BigWings/script/framework/share-tools/src/environment/device/UBBrowserChecker.ts from cce:/internal/x/prerequisite-imports as file:///D:/bbin/cocos/BIG_wings/assets/game/BigWings/script/framework/share-tools/src/environment/device/UBBrowserChecker.ts.
debug: Resolve file:///D:/bbin/cocos/BIG_wings/assets/game/BigWings/script/framework/share-tools/src/environment/lang/Dict.ts from cce:/internal/x/prerequisite-imports as file:///D:/bbin/cocos/BIG_wings/assets/game/BigWings/script/framework/share-tools/src/environment/lang/Dict.ts.
debug: Resolve file:///D:/bbin/cocos/BIG_wings/assets/game/BigWings/script/framework/share-tools/src/environment/lang/GameSupportLang.ts from cce:/internal/x/prerequisite-imports as file:///D:/bbin/cocos/BIG_wings/assets/game/BigWings/script/framework/share-tools/src/environment/lang/GameSupportLang.ts.
debug: Resolve file:///D:/bbin/cocos/BIG_wings/assets/game/BigWings/script/framework/share-tools/src/environment/url/CDN.ts from cce:/internal/x/prerequisite-imports as file:///D:/bbin/cocos/BIG_wings/assets/game/BigWings/script/framework/share-tools/src/environment/url/CDN.ts.
debug: Resolve file:///D:/bbin/cocos/BIG_wings/assets/game/BigWings/script/framework/share-tools/src/environment/url/LoadingPicUrl.ts from cce:/internal/x/prerequisite-imports as file:///D:/bbin/cocos/BIG_wings/assets/game/BigWings/script/framework/share-tools/src/environment/url/LoadingPicUrl.ts.
debug: Resolve file:///D:/bbin/cocos/BIG_wings/assets/game/BigWings/script/framework/share-tools/src/environment/url/PHPProiveHeaders.ts from cce:/internal/x/prerequisite-imports as file:///D:/bbin/cocos/BIG_wings/assets/game/BigWings/script/framework/share-tools/src/environment/url/PHPProiveHeaders.ts.
debug: Resolve file:///D:/bbin/cocos/BIG_wings/assets/game/BigWings/script/framework/share-tools/src/environment/url/URLJoin.ts from cce:/internal/x/prerequisite-imports as file:///D:/bbin/cocos/BIG_wings/assets/game/BigWings/script/framework/share-tools/src/environment/url/URLJoin.ts.
debug: Resolve file:///D:/bbin/cocos/BIG_wings/assets/game/BigWings/script/framework/share-tools/src/environment/url/URLParameter.ts from cce:/internal/x/prerequisite-imports as file:///D:/bbin/cocos/BIG_wings/assets/game/BigWings/script/framework/share-tools/src/environment/url/URLParameter.ts.
debug: Resolve file:///D:/bbin/cocos/BIG_wings/assets/game/BigWings/script/framework/share-tools/src/environment/url/isURL.ts from cce:/internal/x/prerequisite-imports as file:///D:/bbin/cocos/BIG_wings/assets/game/BigWings/script/framework/share-tools/src/environment/url/isURL.ts.
debug: Resolve file:///D:/bbin/cocos/BIG_wings/assets/game/BigWings/script/framework/share-tools/src/idb/IndexedDBManager.ts from cce:/internal/x/prerequisite-imports as file:///D:/bbin/cocos/BIG_wings/assets/game/BigWings/script/framework/share-tools/src/idb/IndexedDBManager.ts.
debug: Resolve file:///D:/bbin/cocos/BIG_wings/assets/game/BigWings/script/framework/share-tools/src/page-lifecycle/PageLifecycle.ts from cce:/internal/x/prerequisite-imports as file:///D:/bbin/cocos/BIG_wings/assets/game/BigWings/script/framework/share-tools/src/page-lifecycle/PageLifecycle.ts.
debug: Resolve file:///D:/bbin/cocos/BIG_wings/assets/game/BigWings/script/include.ts from cce:/internal/x/prerequisite-imports as file:///D:/bbin/cocos/BIG_wings/assets/game/BigWings/script/include.ts.
debug: Resolve file:///D:/bbin/cocos/BIG_wings/assets/game/BigWings/script/index.ts from cce:/internal/x/prerequisite-imports as file:///D:/bbin/cocos/BIG_wings/assets/game/BigWings/script/index.ts.
debug: Resolve file:///D:/bbin/cocos/BIG_wings/assets/game/BigWings/script/lib/BaseDataModel.ts from cce:/internal/x/prerequisite-imports as file:///D:/bbin/cocos/BIG_wings/assets/game/BigWings/script/lib/BaseDataModel.ts.
debug: Resolve file:///D:/bbin/cocos/BIG_wings/assets/game/BigWings/script/lib/BaseGame.ts from cce:/internal/x/prerequisite-imports as file:///D:/bbin/cocos/BIG_wings/assets/game/BigWings/script/lib/BaseGame.ts.
debug: Resolve file:///D:/bbin/cocos/BIG_wings/assets/game/BigWings/script/lib/BaseModel.ts from cce:/internal/x/prerequisite-imports as file:///D:/bbin/cocos/BIG_wings/assets/game/BigWings/script/lib/BaseModel.ts.
debug: Resolve file:///D:/bbin/cocos/BIG_wings/assets/game/BigWings/script/lib/BasePresenter.ts from cce:/internal/x/prerequisite-imports as file:///D:/bbin/cocos/BIG_wings/assets/game/BigWings/script/lib/BasePresenter.ts.
debug: Resolve file:///D:/bbin/cocos/BIG_wings/assets/game/BigWings/script/lib/BaseView.ts from cce:/internal/x/prerequisite-imports as file:///D:/bbin/cocos/BIG_wings/assets/game/BigWings/script/lib/BaseView.ts.
debug: Resolve file:///D:/bbin/cocos/BIG_wings/assets/game/BigWings/script/lib/RecvMessage.ts from cce:/internal/x/prerequisite-imports as file:///D:/bbin/cocos/BIG_wings/assets/game/BigWings/script/lib/RecvMessage.ts.
debug: Resolve file:///D:/bbin/cocos/BIG_wings/assets/game/BigWings/script/lib/SendMessage.ts from cce:/internal/x/prerequisite-imports as file:///D:/bbin/cocos/BIG_wings/assets/game/BigWings/script/lib/SendMessage.ts.
debug: Resolve file:///D:/bbin/cocos/BIG_wings/assets/game/BigWings/script/lib/UtilsKit.ts from cce:/internal/x/prerequisite-imports as file:///D:/bbin/cocos/BIG_wings/assets/game/BigWings/script/lib/UtilsKit.ts.
debug: Resolve file:///D:/bbin/cocos/BIG_wings/assets/game/BigWings/script/mock/MockData.ts from cce:/internal/x/prerequisite-imports as file:///D:/bbin/cocos/BIG_wings/assets/game/BigWings/script/mock/MockData.ts.
debug: Resolve file:///D:/bbin/cocos/BIG_wings/assets/game/BigWings/script/tools/ElementPoolManager.ts from cce:/internal/x/prerequisite-imports as file:///D:/bbin/cocos/BIG_wings/assets/game/BigWings/script/tools/ElementPoolManager.ts.
debug: Resolve file:///D:/bbin/cocos/BIG_wings/assets/game/BigWings/script/tools/InstanceBase.ts from cce:/internal/x/prerequisite-imports as file:///D:/bbin/cocos/BIG_wings/assets/game/BigWings/script/tools/InstanceBase.ts.
debug: Resolve file:///D:/bbin/cocos/BIG_wings/assets/game/BigWings/script/tools/ObjectPool.ts from cce:/internal/x/prerequisite-imports as file:///D:/bbin/cocos/BIG_wings/assets/game/BigWings/script/tools/ObjectPool.ts.
debug: Resolve file:///D:/bbin/cocos/BIG_wings/assets/game/BigWings/script/tools/PrefabInstancePoolManager.ts from cce:/internal/x/prerequisite-imports as file:///D:/bbin/cocos/BIG_wings/assets/game/BigWings/script/tools/PrefabInstancePoolManager.ts.
debug: Resolve file:///D:/bbin/cocos/BIG_wings/assets/game/BigWings/script/tools/Resize.ts from cce:/internal/x/prerequisite-imports as file:///D:/bbin/cocos/BIG_wings/assets/game/BigWings/script/tools/Resize.ts.
debug: Resolve file:///D:/bbin/cocos/BIG_wings/assets/game/BigWings/script/tools/audio/AudioMgr.ts from cce:/internal/x/prerequisite-imports as file:///D:/bbin/cocos/BIG_wings/assets/game/BigWings/script/tools/audio/AudioMgr.ts.
debug: Resolve file:///D:/bbin/cocos/BIG_wings/assets/game/BigWings/script/tools/audio/AudioUnit.ts from cce:/internal/x/prerequisite-imports as file:///D:/bbin/cocos/BIG_wings/assets/game/BigWings/script/tools/audio/AudioUnit.ts.
debug: Resolve file:///D:/bbin/cocos/BIG_wings/assets/game/BigWings/script/tools/audio/IPlayConfig.ts from cce:/internal/x/prerequisite-imports as file:///D:/bbin/cocos/BIG_wings/assets/game/BigWings/script/tools/audio/IPlayConfig.ts.
debug: Resolve file:///D:/bbin/cocos/BIG_wings/assets/game/BigWings/script/wheel/BigWingsRoller.ts from cce:/internal/x/prerequisite-imports as file:///D:/bbin/cocos/BIG_wings/assets/game/BigWings/script/wheel/BigWingsRoller.ts.
debug: Resolve file:///D:/bbin/cocos/BIG_wings/assets/game/BigWings/script/wheel/BigWingsSymbol.ts from cce:/internal/x/prerequisite-imports as file:///D:/bbin/cocos/BIG_wings/assets/game/BigWings/script/wheel/BigWingsSymbol.ts.
debug: Resolve file:///D:/bbin/cocos/BIG_wings/assets/game/BigWings/script/wheel/BigWingsWheel.ts from cce:/internal/x/prerequisite-imports as file:///D:/bbin/cocos/BIG_wings/assets/game/BigWings/script/wheel/BigWingsWheel.ts.
debug: Resolve file:///D:/bbin/cocos/BIG_wings/assets/game/BigWings/script/wheel/LineRope.ts from cce:/internal/x/prerequisite-imports as file:///D:/bbin/cocos/BIG_wings/assets/game/BigWings/script/wheel/LineRope.ts.
debug: Resolve file:///D:/bbin/cocos/BIG_wings/assets/game/BigWings/script/wheel/Roller.ts from cce:/internal/x/prerequisite-imports as file:///D:/bbin/cocos/BIG_wings/assets/game/BigWings/script/wheel/Roller.ts.
debug: Resolve file:///D:/bbin/cocos/BIG_wings/assets/game/BigWings/script/wheel/SlotWheel.ts from cce:/internal/x/prerequisite-imports as file:///D:/bbin/cocos/BIG_wings/assets/game/BigWings/script/wheel/SlotWheel.ts.
debug: Resolve file:///D:/bbin/cocos/BIG_wings/assets/game/BigWings/script/wheel/SymbolInfo.ts from cce:/internal/x/prerequisite-imports as file:///D:/bbin/cocos/BIG_wings/assets/game/BigWings/script/wheel/SymbolInfo.ts.
debug: Resolve file:///D:/bbin/cocos/BIG_wings/assets/game/BigWings/script/wheel/SymbolItem.ts from cce:/internal/x/prerequisite-imports as file:///D:/bbin/cocos/BIG_wings/assets/game/BigWings/script/wheel/SymbolItem.ts.
debug: Resolve file:///D:/bbin/cocos/BIG_wings/assets/game/BigWings/script/wheel/SymbolSpine.ts from cce:/internal/x/prerequisite-imports as file:///D:/bbin/cocos/BIG_wings/assets/game/BigWings/script/wheel/SymbolSpine.ts.
debug: Resolve file:///D:/bbin/cocos/BIG_wings/assets/techArt/common/script/poolHandler.ts from cce:/internal/x/prerequisite-imports as file:///D:/bbin/cocos/BIG_wings/assets/techArt/common/script/poolHandler.ts.
debug: Resolve file:///D:/bbin/cocos/BIG_wings/assets/techArt/game/mahjong/script/demoInfo_TA.ts from cce:/internal/x/prerequisite-imports as file:///D:/bbin/cocos/BIG_wings/assets/techArt/game/mahjong/script/demoInfo_TA.ts.
debug: Resolve file:///D:/bbin/cocos/BIG_wings/assets/techArt/game/mahjong/script/loading_Test.ts from cce:/internal/x/prerequisite-imports as file:///D:/bbin/cocos/BIG_wings/assets/techArt/game/mahjong/script/loading_Test.ts.
debug: Resolve file:///D:/bbin/cocos/BIG_wings/assets/techArt/game/mahjong/script/mahjong_TA.ts from cce:/internal/x/prerequisite-imports as file:///D:/bbin/cocos/BIG_wings/assets/techArt/game/mahjong/script/mahjong_TA.ts.
debug: Resolve file:///D:/bbin/cocos/BIG_wings/assets/techArt/game/mahjong/script/symbolResource_TA.ts from cce:/internal/x/prerequisite-imports as file:///D:/bbin/cocos/BIG_wings/assets/techArt/game/mahjong/script/symbolResource_TA.ts.
debug: Resolve file:///D:/bbin/cocos/BIG_wings/assets/techArt/game/mahjong/script/symbolSet_TA.ts from cce:/internal/x/prerequisite-imports as file:///D:/bbin/cocos/BIG_wings/assets/techArt/game/mahjong/script/symbolSet_TA.ts.
debug: Resolve file:///D:/bbin/cocos/BIG_wings/assets/techArt/game/mahjong/script/symbolSetting_TA.ts from cce:/internal/x/prerequisite-imports as file:///D:/bbin/cocos/BIG_wings/assets/techArt/game/mahjong/script/symbolSetting_TA.ts.
debug: Resolve file:///D:/bbin/cocos/BIG_wings/assets/techArt/game/mahjong/script/symbolWin_TA.ts from cce:/internal/x/prerequisite-imports as file:///D:/bbin/cocos/BIG_wings/assets/techArt/game/mahjong/script/symbolWin_TA.ts.
debug: Resolve file:///D:/bbin/cocos/BIG_wings/assets/techArt/test/script/coinDropAnim.ts from cce:/internal/x/prerequisite-imports as file:///D:/bbin/cocos/BIG_wings/assets/techArt/test/script/coinDropAnim.ts.
debug: Resolve file:///D:/bbin/cocos/BIG_wings/assets/techArt/test/script/coinsInflux.ts from cce:/internal/x/prerequisite-imports as file:///D:/bbin/cocos/BIG_wings/assets/techArt/test/script/coinsInflux.ts.
debug: Resolve file:///D:/bbin/cocos/BIG_wings/assets/techArt/test/script/common_TA.ts from cce:/internal/x/prerequisite-imports as file:///D:/bbin/cocos/BIG_wings/assets/techArt/test/script/common_TA.ts.
debug: Resolve file:///D:/bbin/cocos/BIG_wings/assets/techArt/test/script/creat.ts from cce:/internal/x/prerequisite-imports as file:///D:/bbin/cocos/BIG_wings/assets/techArt/test/script/creat.ts.
debug: Resolve file:///D:/bbin/cocos/BIG_wings/assets/techArt/test/script/enableTest.ts from cce:/internal/x/prerequisite-imports as file:///D:/bbin/cocos/BIG_wings/assets/techArt/test/script/enableTest.ts.
debug: Resolve file:///D:/bbin/cocos/BIG_wings/assets/techArt/test/script/prefabInit_TA.ts from cce:/internal/x/prerequisite-imports as file:///D:/bbin/cocos/BIG_wings/assets/techArt/test/script/prefabInit_TA.ts.
debug: Resolve file:///D:/bbin/cocos/BIG_wings/assets/techArt/test/script/responsiveBg_TA.ts from cce:/internal/x/prerequisite-imports as file:///D:/bbin/cocos/BIG_wings/assets/techArt/test/script/responsiveBg_TA.ts.
debug: Resolve file:///D:/bbin/cocos/BIG_wings/assets/techArt/test/script/symbolInfo_TA.ts from cce:/internal/x/prerequisite-imports as file:///D:/bbin/cocos/BIG_wings/assets/techArt/test/script/symbolInfo_TA.ts.
debug: Resolve file:///D:/bbin/cocos/BIG_wings/assets/techArt/test/script/tipMove_TA.ts from cce:/internal/x/prerequisite-imports as file:///D:/bbin/cocos/BIG_wings/assets/techArt/test/script/tipMove_TA.ts.
debug: Target(preview) ends with cost 100.82260000705719ms.
